extract,country,city,left,bottom,right,top
udine_italy,Italy,Udine,13.184,46.001,13.295,46.118
gaborone_botswana,Botswana,Gaborone,25.757,-24.728,26.054,-24.488
annaba_algeria,Algeria,Annaba,7.695,36.866,7.793,36.97
lilongwe_malawi,Malawi,Lilongwe,33.652,-14.092,33.906,-13.86
luanda_angola,Angola,Luanda,13.086,-9.089,13.5,-8.729
alexandria_egypt,Egypt,Alexandria,29.689,31.024,30.295,31.432
harare_zimbabwe,Zimbabwe,Harare,30.701,-18.161,31.377,-17.508
dar-es-salaam_tanzania,Tanzania,Dar Es Salaam,38.894,-7.12,39.661,-6.502
kano_nigeria,Nigeria,Kano,8.428,11.919,8.625,12.082
tunis_tunisia,Tunisia,Tunis,9.978,36.659,10.493,37.008
victoria_seychelles,Seychelles,Victoria,55.191,-4.823,56,-4.206
chinhoyi_zimbabwe,Zimbabwe,Chinhoyi,-7.737,33.487,-7.456,33.652
lome_togo,Togo,Lome,1.064,6.083,1.411,6.298
ouagadougou_burkina-faso,Burkina Faso,Ouagadougou,-1.689,12.256,-1.397,12.489
tindouf_algeria,Algeria,Tindouf,-8.667,25.569,-3.98,28.923
oran_algeria,Algeria,Oran,-0.73,35.645,-0.553,35.77
dakar_senegal,Senegal,Dakar,-17.535,14.641,-17.216,14.863
niamey_niger,Niger,Niamey,1.979,13.404,2.234,13.605
mocuba_mozambique,Mozambique,Mocuba,35.824,-17.45,37.664,-16.167
conakry_guinea,Guinea,Conakry,30.156,-17.344,30.222,-17.343
abidjan_ivory-coast,Ivory Coast,Abidjan,-4.183,5.22,-3.849,5.523
lagos_nigeria,Nigeria,Lagos,2.889,6.32,3.834,6.91
juba_south-sudan,South Sudan,Juba,31.491,4.786,31.653,4.928
maputo_mozambique,Mozambique,Maputo,32.391,-26.045,32.706,-25.81
constantine_algeria,Algeria,Constantine,6.528,36.259,6.767,36.449
bamako_mali,Mali,Bamako,-8.115,12.5,-7.901,12.726
maiduguri_nigeria,Nigeria,Maiduguri,12.679,11.553,13.526,12.142
cairo_egypt,Egypt,Cairo,30.897,29.761,31.71,30.564
accra_ghana,Ghana,Accra,-0.437,5.475,-0.071,5.675
antananarivo_madagascar,Madagascar,Antananarivo,47.37,-19.025,47.679,-18.772
saint-louis_senegal,Senegal,Saint Louis,-16.556,15.952,-16.393,16.085
kinshasa_congo,Congo,Kinshasa,15.176,-4.509,15.47,-4.293
kampala_uganda,Uganda,Kampala,32.287,-0.081,32.866,0.6
mekelle_ethiopia,Ethiopia,Mekelle,39.343,13.364,39.629,13.654
nairobi_kenya,Kenya,Nairobi,36.582,-1.488,37.056,-0.965
durban_south-africa,South Africa,Durban,30.73,-30.111,31.109,-29.694
tamale_ghana,Ghana,Tamale,-0.908,9.353,-0.773,9.483
mogadishu_somalia,Somalia,Mogadishu,45.025,1.773,45.636,2.33
ibadan_nigeria,Nigeria,Ibadan,3.839,7.302,4.025,7.476
bangui_central-african-republic,Central African Republic,Bangui,18.444,4.283,18.677,4.495
kigali_rwanda,Rwanda,Kigali,29.91,-2.126,30.288,-1.698
monrovia_liberia,Liberia,Monrovia,-10.903,6.194,-10.554,6.435
algiers_algeria,Algeria,Algiers,3.026,36.744,3.058,36.762
giza_egypt,Egypt,Giza,31.169,29.946,31.283,30.043
lusaka_zambia,Zambia,Lusaka,28.113,-15.569,28.479,-15.249
khartoum_republic-of-sudan,Republic Of Sudan,Khartoum,32.281,15.38,32.783,15.854
casablanca_morocco,Morocco,Casablanca,-7.737,33.487,-7.456,33.652
cape-town_south-africa,South Africa,Cape Town,18.302,-34.363,19.004,-33.471
addis-abeba_ethiopia,Ethiopia,Addis Abeba,38.651,8.919,38.92,9.077
johannesburg_south-africa,South Africa,Johannesburg,27.537,-26.563,28.542,-25.834
bujumbura_burundi,Burundi,Bujumbura,29.301,-3.453,29.409,-3.297
abuja_nigeria,Nigeria,Abuja,7.248,8.835,7.717,9.246
yamoussoukro_ivory-coast,Ivory Coast,Yamoussoukro,-5.529,6.599,-5.003,7.097
bejaia_algeria,Algeria,Bejaia,4.91,36.6,5.22,36.89
ekurhuleni_south-africa,South Africa,Ekurhuleni,28.066,-26.466,28.527,-25.903
cotonou_benin,Benin,Cotonou,2.339,6.332,2.511,6.408
belgrade_serbia,Serbia,Belgrade,20.191,44.637,20.706,44.908
sofia_bulgaria,Bulgaria,Sofia,22.87,42.38,23.83,43.04
lodz_poland,Poland,Lodz,19.252,51.676,19.708,51.869
constanta_romania,Romania,Constanta,28.15,43.757,28.75,44.385
wroclaw_poland,Poland,Wroclaw,16.652,50.877,17.363,51.311
ljubljana_slovenia,Slovenia,Ljubljana,14.4,45.973,14.76,46.147
iasi_romania,Romania,Iasi,27.375,47.023,27.75,47.235
donetsk_ukraine,Ukraine,Donetsk,37.518,47.886,37.997,48.093
zagreb_croatia,Croatia,Zagreb,15.81,45.74,16.151,45.848
bratislava_slovakia,Slovakia,Bratislava,16.955,48.061,17.494,48.295
poznan_poland,Poland,Poznan,16.732,52.292,17.072,52.509
novisad_serbia,Serbia,Novisad,19.651,45.18,19.968,45.472
klaipeda_lithuania,Lithuania,Klaipeda,21.075,55.613,21.241,55.797
vilnius_lithuania,Lithuania,Vilnius,25.004,54.569,25.48,54.796
brasov_romania,Romania,Brasov,25.38,45.3,25.8,45.746
wielun_poland,Poland,Wielun,18.532,51.201,18.606,51.249
lviv_ukraine,Ukraine,Lviv,23.587,49.573,24.433,50.148
dnipropetrovsk_ukraine,Ukraine,Dnipropetrovsk,34.747,48.335,35.274,48.595
kirovograd_ukraine,Ukraine,Kirovograd,31.923,48.281,32.623,48.76
kharkiv_ukraine,Ukraine,Kharkiv,36.106,49.878,36.455,50.105
budapest_hungary,Hungary,Budapest,18.347,47.025,19.78,47.861
timisoara_romania,Romania,Timisoara,21.085,45.673,21.385,45.842
cluj_romania,Romania,Cluj,23.454,46.68,23.755,46.83
kyiv_ukraine,Ukraine,Kyiv,30.078,50.086,30.97,50.74
vinnytsia_ukraine,Ukraine,Vinnytsia,28.367,49.189,28.574,49.281
debrecen_hungary,Hungary,Debrecen,21.426,47.409,21.862,47.652
chisinau_moldova,Moldova,Chisinau,28.745,46.92,28.972,47.079
krakow_poland,Poland,Krakow,19.594,49.85,20.275,50.24
odessa_ukraine,Ukraine,Odessa,30.154,46.227,30.935,46.731
istanbul_turkey,Turkey,Istanbul,28.313,40.738,29.678,41.421
minsk_belarus,Belarus,Minsk,27.375,53.796,28.064,53.972
sarajevo_bosnia,Bosnia,Sarajevo,18.115,43.702,18.631,43.987
vienna_austria,Austria,Vienna,16.137,48.048,16.714,48.386
salzburg_austria,Austria,Salzburg,12.985,47.751,13.128,47.855
riga_latvia,Latvia,Riga,23.469,56.579,24.789,57.3
krasnokutsk_ukraine,Ukraine,Krasnokutsk,35.097,50.027,35.198,50.085
gdansk_poland,Poland,Gdansk,18.174,54.007,19.113,54.87
prague_czech-republic,Czech Republic,Prague,13.842,49.763,15.012,50.408
tallinn_estonia,Estonia,Tallinn,24.542,59.322,24.951,59.492
warsaw_poland,Poland,Warsaw,20.341,51.845,21.692,52.623
nis_serbia,Serbia,Nis,21.82,43.287,21.974,43.359
sibiu_romania,Romania,Sibiu,24,45.69,24.28,45.84
bucharest_romania,Romania,Bucharest,25.542,44.141,26.756,44.729
wuppertal_germany,Germany,Wuppertal,7.014,51.166,7.313,51.318
oradea_romania,Romania,Oradea,21.839,47.008,22.038,47.145
brno_czech-republic,Czech Republic,Brno,16.268,48.951,16.94,49.357
katowice_poland,Poland,Katowice,18.115,50.055,19.604,50.706
trondheim_norway,Norway,Trondheim,9.869,62.995,11.767,63.631
bodo_norway,Norway,Bodo,14.232,67.247,14.672,67.356
lund_sweden,Sweden,Lund,13.14,55.678,13.263,55.74
malmo_sweden,Sweden,Malmo,12.715,55.485,13.167,55.68
oslo_norway,Norway,Oslo,9.691,58.938,11.493,60.424
helsinki_finland,Finland,Helsinki,24.34,60.052,25.381,60.68
stockholm_sweden,Sweden,Stockholm,16.858,58.718,19.526,60.249
aarhus_denmark,Denmark,Aarhus,10.068,56.08,10.356,56.252
reykjavik_iceland,Iceland,Reykjavik,-22.826,63.771,-21.14,64.297
tampere_finland,Finland,Tampere,22.417,61.047,24.988,62.188
bergen_norway,Norway,Bergen,5.075,60.241,5.559,60.531
gothenburg_sweden,Sweden,Gothenburg,11.552,57.532,12.31,57.803
granada_spain,Spain,Granada,-3.703,37.108,-3.506,37.241
pisa_italy,Italy,Pisa,10.356,43.67,10.444,43.737
acoruna_spain,Spain,Acoruna,-8.6,43.2,-8,43.6
milan_italy,Italy,Milan,8.86,45.246,9.47,45.694
avila_spain,Spain,Avila,-4.745,40.627,-4.64,40.681
faro_portugal,Portugal,Faro,-8.01,36.988,-7.9,37.054
bilbao_spain,Spain,Bilbao,-3.363,43.043,-2.555,43.5
cantabria_spain,Spain,Cantabria,-4.859,42.753,-3.134,43.523
burgos_spain,Spain,Burgos,-3.802,42.316,-3.598,42.391
barcelona_spain,Spain,Barcelona,1.898,41.246,2.312,41.533
thessaloniki_greece,Greece,Thessaloniki,22.902,40.587,22.991,40.656
vigo_spain,Spain,Vigo,-8.827,42.169,-8.609,42.307
brescia_italy,Italy,Brescia,10.147,45.236,10.3,45.798
oristano_italy,Italy,Oristano,8.363,39.622,9.186,40.428
athens_greece,Greece,Athens,22.949,37.514,24.421,38.365
evora_portugal,Portugal,Evora,-7.957,38.518,-7.873,38.606
pistoia_italy,Italy,Pistoia,10.805,43.871,11.017,44.102
santiago-de-compostela_spain,Spain,Santiago De Compostela,-8.614,42.829,-8.473,42.935
porto_portugal,Portugal,Porto,-8.795,40.981,-8.358,41.399
perpignan_france,France,Perpignan,2.826,42.649,2.983,42.749
matera_italy,Italy,Matera,16.412,40.567,16.731,40.766
tirana_albania,Albania,Tirana,19.755,41.29,19.885,41.364
gijon_spain,Spain,Gijon,-6.481,43.054,-4.987,43.8
asti_italy,Italy,Asti,8.087,44.841,8.318,44.996
cagliari_italy,Italy,Cagliari,8.908,39.13,9.421,39.321
san-sebastian_spain,Spain,San Sebastian,-2.087,43.218,-1.888,43.338
coimbra_portugal,Portugal,Coimbra,-8.488,40.155,-8.363,40.263
venice_italy,Italy,Venice,11.629,45.123,12.735,45.811
florence_italy,Italy,Florence,10.982,43.601,11.504,43.983
seville_spain,Spain,Seville,-6.05,37.32,-5.869,37.46
madrid_spain,Spain,Madrid,-4.293,39.8,-3.057,41.03
lisbon_portugal,Portugal,Lisbon,-9.634,38.358,-8.458,39.15
santander_spain,Spain,Santander,-3.886,43.383,-3.737,43.5
valencia_spain,Spain,Valencia,-0.436,39.42,-0.285,39.504
murcia_spain,Spain,Murcia,-1.208,37.959,-1.073,38.021
palermo_italy,Italy,Palermo,12.912,37.771,13.845,38.295
lucca_italy,Italy,Lucca,10.361,43.757,10.575,43.961
trento_italy,Italy,Trento,11.022,45.977,11.196,46.155
cadiz_spain,Spain,Cadiz,-6.4,36.35,-6,36.8
rome_italy,Italy,Rome,12.109,41.578,12.845,42.13
bologna_italy,Italy,Bologna,10.998,44.337,11.817,44.668
naples_italy,Italy,Naples,14.139,40.792,14.354,40.916
donostia-san-sebastian_spain,Spain,Donostia San Sebastian,-2.062,43.275,-1.888,43.352
genoa_italy,Italy,Genoa,8.444,44.291,9.114,44.561
chandigarh_india,India,Chandigarh,76.612,30.613,76.905,30.808
dhaka_bangladesh,Bangladesh,Dhaka,89.998,23.435,90.838,24.006
hualien_taiwan,Taiwan,Hualien,121.425,23.805,121.737,24.19
guangzhou_china,China,Guangzhou,112.181,22.533,114.972,23.981
kota-kinabalu_malaysia,Malaysia,Kota Kinabalu,115.979,5.878,116.175,6.066
davao-city_philippines,Philippines,Davao City,125.33,6.84,125.804,7.392
yokohama_japan,Japan,Yokohama,139.312,35.213,139.92,35.686
kobe_japan,Japan,Kobe,134.821,34.576,135.425,35.001
nanjing_china,China,Nanjing,118.357,31.23,119.237,32.611
shenyang_china,China,Shenyang,123.241,41.685,123.604,41.924
shijiazhuang_china,China,Shijiazhuang,114.446,37.993,114.463,38.01
manado_indonesia,Indonesia,Manado,124.816,1.426,124.886,1.546
hsinchu_taiwan,Taiwan,Hsinchu,120.889,24.75,121.05,24.862
karachi_pakistan,Pakistan,Karachi,66.401,23.958,68.576,25.593
luoyang_china,China,Luoyang,112.282,34.539,112.611,34.761
ulyanovsk_russia,Russia,Ulyanovsk,47.521,53.78,49.886,54.679
dushanbe_tajikistan,Tajikistan,Dushanbe,68.244,38.244,69.134,38.829
tyumen_russia,Russia,Tyumen,65.308,56.995,65.816,57.28
ho-chi-minh-city_vietnam,Vietnam,Ho Chi Minh City,106.458,10.611,106.949,11.021
vijayawada_india,India,Vijayawada,80.321,16.173,80.831,16.642
triuchirappalli_india,India,Triuchirappalli,78.338,10.611,79.036,10.999
harbin_china,China,Harbin,125.688,44.062,130.24,46.05
chiang-mai_thailand,Thailand,Chiang Mai,98.6,18.364,99.358,19.06
beijing_china,China,Beijing,115.686,39.414,117.119,40.426
cagayan-de-oro_philippines,Philippines,Cagayan De Oro,124.497,8.399,124.84,8.629
samara-tolyatti_russia,Russia,Samara Tolyatti,48.5,52.4,51.918,54.037
penang_malaysia,Malaysia,Penang,100.017,5.198,100.534,5.515
almaty_kazakhstan,Kazakhstan,Almaty,76.575,43.057,77.223,43.549
shangrao_china,China,Shangrao,117.82,28.347,118.082,28.553
pune_india,India,Pune,73.603,18.337,74.072,18.771
pokhara_nepal,Nepal,Pokhara,83.749,28.077,84.143,28.466
ahmedabad_india,India,Ahmedabad,72.364,22.855,72.787,23.201
perm_russia,Russia,Perm,55.795,57.865,56.675,58.182
hiroshima_japan,Japan,Hiroshima,132.289,34.233,132.611,34.548
tokyo_japan,Japan,Tokyo,138.779,34.867,141.152,36.558
chengdu_china,China,Chengdu,103.564,30.363,104.555,30.987
sihanoukville_cambodia,Cambodia,Sihanoukville,103.451,10.584,103.556,10.67
osaka_japan,Japan,Osaka,135.37,34.514,135.669,34.8
saint-petersburg_russia,Russia,Saint Petersburg,29.168,59.556,31.173,60.345
agra_india,India,Agra,77.886,27.106,78.151,27.259
bangkok_thailand,Thailand,Bangkok,99.569,12.661,101.337,15.019
dharamshala_india,India,Dharamshala,76.123,31.97,76.701,32.3
nizhniy-novgorod_russia,Russia,Nizhniy Novgorod,43.718,56.193,44.135,56.4
koh-rong_cambodia,Cambodia,Koh Rong,103.161,10.495,103.396,10.796
hue_vietnam,Vietnam,Hue,107.456,16.366,107.743,16.592
krasnodar_russia,Russia,Krasnodar,38.847,44.968,39.226,45.203
taipei_taiwan,Taiwan,Taipei,121.346,24.926,121.676,25.209
jaipur_india,India,Jaipur,75.669,26.756,75.921,27.043
coimbatore_india,India,Coimbatore,76.8,10.91,77.045,11.16
okinawa_japan,Japan,Okinawa,126.59,26.012,128.576,27.115
kochi_india,India,Kochi,76.17,9.785,76.389,10.091
hanoi_vietnam,Vietnam,Hanoi,105.742,20.945,105.911,21.098
mysore_india,India,Mysore,76.547,12.25,76.712,12.387
nha-trang_vietnam,Vietnam,Nha Trang,109.144,12.193,109.218,12.29
busan_south-korea,South Korea,Busan,128.247,34.956,129.448,35.474
bengaluru_india,India,Bengaluru,77.35,12.75,77.85,13.23
samarkand_uzbekistan,Uzbekistan,Samarkand,66.339,39.23,67.844,40.067
nara_japan,Japan,Nara,135.64,34.488,136.11,34.831
hangzhou_china,China,Hangzhou,120.1,30.23,120.185,30.296
indore_india,India,Indore,75.761,22.617,75.969,22.807
chelyabinsk_russia,Russia,Chelyabinsk,60.714,54.886,62.07,55.438
new-delhi_india,India,New Delhi,76.692,28.183,77.733,28.969
nadym_russia,Russia,Nadym,72.431,65.514,72.634,65.567
kenting_taiwan,Taiwan,Kenting,120.761,21.923,120.838,21.968
lahore_pakistan,Pakistan,Lahore,73.381,30.796,75.425,32.201
phuket_thailand,Thailand,Phuket,98.254,7.727,98.489,8.207
kathmandu_nepal,Nepal,Kathmandu,85.019,27.437,85.678,27.938
batticaloa_sri-lanka,Sri Lanka,Batticaloa,81.344,7.226,81.981,7.994
tainan_taiwan,Taiwan,Tainan,119.998,22.829,120.421,23.201
kolkata_india,India,Kolkata,87.751,22.117,89.119,23.106
hong-kong_china,China,Hong Kong,112.78,21.591,115.125,23.488
shanghai_china,China,Shanghai,118.887,29.477,123.787,32.472
dongguan_china,China,Dongguan,113.554,22.921,113.958,23.175
nazareth_israel,Israel,Nazareth,35.077,32.502,35.497,32.895
phi-phi_thailand,Thailand,Phi Phi,98.739,7.663,98.813,7.794
north-kyushu_japan,Japan,North Kyushu,129.272,32.612,132.054,33.909
taichung_taiwan,Taiwan,Taichung,120.479,24.041,120.858,24.365
moscow_russia,Russia,Moscow,36.8,55.123,38.43,56.2
otres-beach_cambodia,Cambodia,Otres Beach,103.538,10.539,103.567,10.583
siem-reap_cambodia,Cambodia,Siem Reap,103.543,12.932,104.479,13.735
chongqing_china,China,Chongqing,105.283,28.167,110.183,32.217
kaohsiung_taiwan,Taiwan,Kaohsiung,120.026,22.47,120.646,22.823
galle_sri-lanka,Sri Lanka,Galle,80.162,6.003,80.264,6.094
ulaanbaatar_mongolia,Mongolia,Ulaanbaatar,106.344,47.696,107.43,48.285
chiayi_taiwan,Taiwan,Chiayi,120.374,23.449,120.502,23.519
phu-quoc_vietnam,Vietnam,Phu Quoc,103.741,9.772,104.18,10.491
wuhan_china,China,Wuhan,113.745,30.079,114.798,30.903
manila_philippines,Philippines,Manila,120.885,14.327,121.2,14.9
astana_kazakhstan,Kazakhstan,Astana,71.212,51.003,71.74,51.29
hyderabad_india,India,Hyderabad,78.216,17.191,78.727,17.63
nanchang_china,China,Nanchang,115.598,28.382,116.246,28.975
ankara_turkey,Turkey,Ankara,32.105,39.439,33.509,40.372
ningbo_china,China,Ningbo,120.917,29.036,122.257,30.369
jeju_south-korea,South Korea,Jeju,126.127,33.107,126.987,33.578
kep_cambodia,Cambodia,Kep,104.266,10.46,104.334,10.509
sochi_russia,Russia,Sochi,39.548,43.314,40.178,43.713
bishkek_kyrgyzstan,Kyrgyzstan,Bishkek,74.425,42.689,74.762,42.986
surat_india,India,Surat,72.695,21.075,73.01,21.307
phnom-penh_cambodia,Cambodia,Phnom Penh,104.712,11.422,105.056,11.737
tianjin_china,China,Tianjin,116.528,38.378,118.531,39.779
bharatpur_nepal,Nepal,Bharatpur,84.388,27.64,84.468,27.72
cebu_philippines,Philippines,Cebu,123.268,9.388,124.206,11.373
kuala-lumpur_malaysia,Malaysia,Kuala Lumpur,101.425,2.776,101.994,3.407
koh-samui_thailand,Thailand,Koh Samui,99.904,9.403,100.103,9.604
rangoon_myanmar,Myanmar,Rangoon,95.257,16.233,97.337,17.729
sapporo_japan,Japan,Sapporo,140.488,42.651,141.921,43.302
seoul_south-korea,South Korea,Seoul,126.064,37.019,127.525,37.98
Hoi-an_vietnam,Vietnam,Hoi An,108.277,15.856,108.407,15.921
matara_sri-lanka,Sri Lanka,Matara,80.497,5.924,80.576,5.983
osaka-kyoto_japan,Japan,Osaka Kyoto,135.057,34.355,136.015,35.194
kyoto_japan,Japan,Kyoto,135.599,34.887,135.879,35.203
taoyuan_taiwan,Taiwan,Taoyuan,121.078,24.832,121.412,25.126
da-nang_vietnam,Vietnam,Da Nang,108.057,15.948,108.413,16.186
keelung_taiwan,Taiwan,Keelung,121.664,25.066,121.832,25.219
pyongyang_north-korea,North Korea,Pyongyang,125.412,38.855,126.142,39.254
pattaya_thailand,Thailand,Pattaya,100.831,12.782,100.991,13.027
colombo_sri-lanka,Sri Lanka,Colombo,79.756,6.737,80.385,7.236
nagoya_japan,Japan,Nagoya,136.506,34.825,137.275,35.472
mandalay_myanmar,Myanmar,Mandalay,96.048,21.871,96.15,22.034
islamabad_pakistan,Pakistan,Islamabad,72.286,33.092,73.822,34.347
pondicherry_india,India,Pondicherry,79.788,11.898,79.845,11.97
vientiane_laos,Laos,Vientiane,102.489,17.87,102.706,18.066
kampot_cambodia,Cambodia,Kampot,104.157,10.593,104.201,10.634
chennai_india,India,Chennai,79.9,12.7,80.4,13.3
mumbai_india,India,Mumbai,72.415,18.466,73.516,19.5
krasnojarsk_russia,Russia,Krasnojarsk,92.143,55.786,94.299,56.442
shenzhen_china,China,Shenzhen,113.755,22.422,114.681,22.808
fukuoka_japan,Japan,Fukuoka,130.056,33.475,130.644,33.764
sendai_japan,Japan,Sendai,140.416,38.033,141.156,38.527
dessau-rosslau_germany,Germany,Dessau Rosslau,12.128,51.782,12.364,51.883
flensburg_germany,Germany,Flensburg,9.261,54.697,9.578,54.841
kassel_germany,Germany,Kassel,9.349,51.26,9.57,51.369
leicester_england,England,Leicester,-1.216,52.581,-1.046,52.692
coburg_germany,Germany,Coburg,10.886,50.221,11.063,50.299
cambridge_england,England,Cambridge,0.059,52.175,0.168,52.243
birmingham_england,England,Birmingham,-2.536,52.214,-1.267,52.794
nancy_france,France,Nancy,6.097,48.633,6.31,48.753
munich_germany,Germany,Munich,11.359,48.061,11.723,48.248
passau_germany,Germany,Passau,13.301,48.54,13.514,48.613
montbrison_france,France,Montbrison,4.042,45.591,4.088,45.627
jena_germany,Germany,Jena,11.499,50.856,11.673,50.988
zwickau_germany,Germany,Zwickau,12.408,50.641,12.567,50.813
rennes_france,France,Rennes,-1.973,47.92,-1.469,48.301
edinburgh_scotland,Scotland,Edinburgh,-3.585,55.783,-2.835,56.132
utrecht_netherlands,Netherlands,Utrecht,4.933,52.001,5.303,52.184
slough_england,England,Slough,-0.674,51.481,-0.514,51.544
nantes_france,France,Nantes,-1.866,47.035,-1.191,47.407
gelnhausen_germany,Germany,Gelnhausen,9.112,50.162,9.272,50.249
saint-jean-bonnefonds_france,France,Saint Jean Bonnefonds,4.41,45.43,4.504,45.484
montpellier_france,France,Montpellier,3.381,43.241,4.488,43.91
monaco_france,France,Monaco,7.349,43.71,7.491,43.77
bordeaux_france,France,Bordeaux,-0.9,44.569,-0.162,45.065
stuttgart_germany,Germany,Stuttgart,9.037,48.691,9.316,48.866
colchester_england,England,Colchester,0.609,51.743,1.188,52.031
gruissan_france,France,Gruissan,3.023,43.05,3.152,43.149
amsterdam_netherlands,Netherlands,Amsterdam,4.465,52.163,5.347,52.629
grenoble_france,France,Grenoble,5.573,45.113,5.903,45.244
dortmund_germany,Germany,Dortmund,7.294,51.378,7.646,51.627
bonn_germany,Germany,Bonn,6.904,50.654,7.331,50.833
derry_ireland,Ireland,Derry,-7.361,54.975,-7.271,55.043
ulm_germany,Germany,Ulm,9.841,48.306,10.043,48.468
winterthur_switzerland,Switzerland,Winterthur,8.672,47.475,8.797,47.535
berlin_germany,Germany,Berlin,12.26,51.849,14.699,52.994
essen_germany,Germany,Essen,6.894,51.347,7.138,51.534
maastricht_netherlands,Netherlands,Maastricht,5.631,50.789,5.773,50.914
geneva_switzerland,Switzerland,Geneva,5.953,46.13,6.317,46.294
wurzburg_germany,Germany,Würzburg,9.87,49.709,10.015,49.845
metz_france,France,Metz,6.056,49.053,6.349,49.159
strasbourg_france,France,Strasbourg,7.449,48.371,8.078,48.722
rotterdam_netherlands,Netherlands,Rotterdam,3.911,51.737,4.784,52.109
lyon_france,France,Lyon,4.136,45.305,5.517,46.191
bremen_germany,Germany,Bremen,8.38,52.893,9.259,53.632
angers_france,France,Angers,-0.805,47.319,-0.347,47.65
leeds_england,England,Leeds,-1.717,53.697,-1.33,53.921
freiburg_germany,Germany,Freiburg,7.661,47.902,7.931,48.071
nice_france,France,Nice,7.182,43.636,7.311,43.756
limerick_ireland,Ireland,Limerick,-8.68,52.613,-8.517,52.694
konstanz_germany,Germany,Konstanz,9.084,47.653,9.218,47.762
cologne_germany,Germany,Cologne,6.844,50.876,7.105,51.009
turin_italy,Italy,Turin,7.504,44.943,7.887,45.174
grand-avignon_france,France,Grand Avignon,4.596,43.792,5.091,44.1
lausanne_switzerland,Switzerland,Lausanne,6.479,46.478,6.758,46.587
frome_england,England,Frome,-2.359,51.214,-2.289,51.25
bamberg_germany,Germany,Bamberg,10.826,49.842,10.961,49.928
tours_france,France,Tours,0.452,47.308,0.784,47.476
waterford_ireland,Ireland,Waterford,-7.187,52.21,-7.033,52.28
gera_germany,Germany,Gera,11.998,50.799,12.17,50.977
manchester_england,England,Manchester,-2.588,53.237,-1.877,53.672
antwerp_belgium,Belgium,Antwerp,4.192,51.124,4.52,51.385
reading_england,England,Reading,-1.086,51.404,-0.901,51.505
beauvais_france,France,Beauvais,2.014,49.399,2.173,49.47
fulda_germany,Germany,Fulda,9.565,50.499,9.732,50.629
bochum_germany,Germany,Bochum,7.168,51.448,7.276,51.506
poitiers_france,France,Poitiers,0.21,46.522,0.504,46.691
basel_switzerland,Switzerland,Basel,7.462,47.436,7.866,47.672
karlsruhe_germany,Germany,Karlsruhe,7.893,48.73,8.816,49.246
saint-etienne_france,France,Saint Etienne,4.329,45.407,4.463,45.462
the-hague_netherlands,Netherlands,The Hague,4.183,52.006,4.427,52.136
dresden_germany,Germany,Dresden,13.586,50.978,13.972,51.18
chemnitz_germany,Germany,Chemnitz,12.732,50.743,13.053,50.904
newcastle_england,England,Newcastle,-2.027,54.744,-1.261,55.163
duisburg_germany,Germany,Duisburg,6.626,51.333,6.83,51.56
avignon_france,France,Avignon,4.738,43.886,4.927,43.996
cork_ireland,Ireland,Cork,-8.547,51.828,-8.385,51.935
annecy_france,France,Annecy,5.998,45.765,6.298,46.026
verona_italy,Italy,Verona,10.864,45.356,11.112,45.502
toulouse_france,France,Toulouse,1.062,43.327,1.779,43.838
augsburg_germany,Germany,Augsburg,10.763,48.257,10.96,48.458
heilbronn_germany,Germany,Heilbronn,9.043,49.092,9.302,49.21
plauen_germany,Germany,Plauen,12.059,50.43,12.226,50.574
marburg_germany,Germany,Marburg,8.599,50.732,8.863,50.884
regensburg_germany,Germany,Regensburg,12.028,48.966,12.192,49.076
copenhagen_denmark,Denmark,Copenhagen,11.894,55.491,13.147,55.95
galway_ireland,Ireland,Galway,-9.138,53.252,-8.934,53.306
munster_germany,Germany,Münster,7.473,51.84,7.774,52.06
brighton_england,England,Brighton,-0.251,50.775,-0.047,50.883
cuneo_italy,Italy,Cuneo,7.398,44.308,7.718,44.53
erfurt_germany,Germany,Erfurt,10.854,50.89,11.174,51.08
glasgow_scotland,Scotland,Glasgow,-4.613,55.668,-3.935,56.034
derby_england,England,Derby,-1.557,52.861,-1.383,52.968
bern_switzerland,Switzerland,Bern,7.33,46.885,7.561,47.023
hof_germany,Germany,Hof,11.806,50.267,11.972,50.355
dijon_france,France,Dijon,4.974,47.256,5.114,47.364
odense_denmark,Denmark,Odense,9.753,54.931,10.875,55.691
giessen_germany,Germany,Giessen,8.555,50.526,8.764,50.635
southampton_england,England,Southampton,-1.479,50.877,-1.322,50.956
leipzig_germany,Germany,Leipzig,12.179,51.227,12.6,51.459
ingolstadt_germany,Germany,Ingolstadt,11.254,48.683,11.504,48.822
rouen_france,France,Rouen,1.025,49.365,1.258,49.494
cheshire_england,England,Cheshire,-3.204,52.925,-1.912,53.396
la-rochelle_france,France,La Rochelle,-1.282,46.122,-1.067,46.206
paris_france,France,Paris,1.851,48.531,2.911,49.178
hanover_germany,Germany,Hanover,9.604,52.305,9.919,52.454
zurich_switzerland,Switzerland,Zurich,8.275,47.225,8.8,47.533
brussels_belgium,Belgium,Brussels,3.981,50.645,4.761,51.053
clermont-ferrand_france,France,Clermont Ferrand,3.021,45.72,3.22,45.82
deggendorf_germany,Germany,Deggendorf,12.873,48.786,13.074,48.908
lille_france,France,Lille,2.823,50.469,3.389,50.8
liverpool_england,England,Liverpool,-3.201,53.283,-2.74,53.514
duesseldorf_germany,Germany,Duesseldorf,6.622,51.116,7.009,51.361
marseille_france,France,Marseille,4.905,43.038,5.776,43.554
wiesbaden_germany,Germany,Wiesbaden,8.11,49.993,8.386,50.152
belfast_ireland,Ireland,Belfast,-6.046,54.532,-5.816,54.663
nuremberg_germany,Germany,Nuremberg,10.987,49.33,11.283,49.541
bruges_belgium,Belgium,Bruges,3.107,51.148,3.337,51.374
frankfurt_germany,Germany,Frankfurt,8.471,50.014,8.8,50.227
nottingham_england,England,Nottingham,-1.3,52.877,-1.07,53.024
bielefeld_germany,Germany,Bielefeld,8.377,51.915,8.663,52.114
darmstadt_germany,Germany,Darmstadt,8.559,49.795,8.75,49.954
hamburg_germany,Germany,Hamburg,9.376,53.159,10.678,53.833
sheffield_england,England,Sheffield,-1.801,53.305,-1.325,53.503
oxford_england,England,Oxford,-1.403,51.698,-1.143,51.828
cardiff-newport-bristol-bath_england,England,Cardiff Newport Bristol Bath,-3.618,51.236,-2.189,51.73
mainz_germany,Germany,Mainz,8.11,49.895,8.343,50.035
london_england,England,London,-1.115,50.941,0.895,51.984
dublin_ireland,Ireland,Dublin,-6.569,53.178,-6.023,53.512
papeete_french-polynesia,French Polynesia,Papeete,-149.635,-17.888,-149.114,-17.485
perth_australia,Australia,Perth,115.439,-32.499,116.208,-31.705
auckland_new-zealand,New Zealand,Auckland,174.223,-37.348,175.314,-36.41
wellington_new-zealand,New Zealand,Wellington,174.612,-41.614,176.333,-40.659
adelaide_australia,Australia,Adelaide,138.417,-35.261,138.854,-34.57
bogor_indonesia,Indonesia,Bogor,106.705,-6.683,106.886,-6.456
sydney_australia,Australia,Sydney,150.628,-34.189,151.647,-33.637
gold-coast_australia,Australia,Gold Coast,153.13,-28.2,153.583,-27.722
brisbane_australia,Australia,Brisbane,152.7,-27.723,153.349,-27
melbourne_australia,Australia,Melbourne,144.266,-38.552,145.81,-37.365
townsville_australia,Australia,Townsville,146.696,-19.344,146.851,-19.229
darwin_australia,Australia,Darwin,130.804,-12.52,131.019,-12.317
bandung_indonesia,Indonesia,Bandung,107.474,-7.007,107.745,-6.773
canberra_australia,Australia,Canberra,148.564,-35.568,149.721,-34.906
cairns_australia,Australia,Cairns,145.606,-17.131,145.838,-16.732
bali_indonesia,Indonesia,Bali,113.055,-9.517,117.188,-6.995
jakarta_indonesia,Indonesia,Jakarta,106.435,-6.615,107.16,-5.881
christchurch_new-zealand,New Zealand,Christchurch,172.064,-43.68,172.846,-43.285
sunshine-coast_australia,Australia,Sunshine Coast,152.835,-27.001,153.155,-26.35
kabul_afghanistan,Afghanistan,Kabul,68.48,34.081,69.86,34.95
kirkuk_iraq,Iraq,Kirkuk,44.284,35.379,44.495,35.524
baku_azerbaijan,Azerbaijan,Baku,49.654,40.304,50.056,40.487
adana_turkey,Turkey,Adana,35.21,36.95,35.46,37.07
gaza_palestine,Palestine,Gaza,34.253,31.356,34.667,31.667
jalawla_iraq,Iraq,Jalawla,45.145,34.245,45.186,34.295
bursa_turkey,Turkey,Bursa,28.8,40.16,29.23,40.31
tehran_iran,Iran,Tehran,50.87,35.383,51.648,35.917
mecca_saudi-arabia,Saudi Arabia,Mecca,39.688,21.279,40.005,21.59
baghdad_iraq,Iraq,Baghdad,43.786,32.967,44.862,33.715
damascus_syria,Syria,Damascus,35.841,33.112,36.73,33.805
tikrit_iraq,Iraq,Tikrit,43.628,34.567,43.706,34.688
beer-sheba_israel,Israel,Beer Sheba,34.738,31.184,34.87,31.299
jeddah_saudi-arabia,Saudi Arabia,Jeddah,39.029,21.005,39.393,21.905
kayseri_turkey,Turkey,Kayseri,35.34,38.6,35.67,38.83
riyadh_saudi-arabia,Saudi Arabia,Riyadh,46.227,24.292,47.202,25.098
dubai_abu-dhabi,Abu Dhabi,Dubai,53.58,23.735,56.887,26.539
tel-aviv_israel,Israel,Tel Aviv,34.642,31.929,35.052,32.246
ramadi_iraq,Iraq,Ramadi,43.242,33.398,43.337,33.44
manama_bahrain,Bahrain,Manama,50.386,25.542,50.828,26.292
beirut_lebanon,Lebanon,Beirut,35.463,33.792,35.583,33.924
doha_qatar,Qatar,Doha,51.24,24.951,51.801,25.637
amman_jordan,Jordan,Amman,35.715,31.668,36.25,32.171
mashhad_iran,Iran,Mashhad,59.451,36.213,59.692,36.398
tashkent_uzbekistan,Uzbekistan,Tashkent,69.097,41.143,69.412,41.399
thuwal_saudi-arabia,Saudi Arabia,Thuwal,39.05,22.23,39.2,22.5
haditha_iraq,Iraq,Haditha,42.347,34.075,42.4,34.157
mosul_iraq,Iraq,Mosul,42.844,36.168,43.508,36.523
nicosia_cyprus,Cyprus,Nicosia,33.228,35.065,33.49,35.215
izmir_turkey,Turkey,Izmir,26.855,38.29,27.304,38.545
jerusalem_israel,Israel,Jerusalem,35.072,31.712,35.341,31.866
as-suwayda_syria,Syria,As Suwayda,36.21,32.198,37.611,33.321
hit_iraq,Iraq,Hit,42.787,33.616,42.856,33.668
zhumar_iraq,Iraq,Zhumar,42.592,36.646,42.619,36.674
fallujah_iraq,Iraq,Fallujah,43.522,33.246,44.013,33.486
baji_iraq,Iraq,Baji,43.46,34.894,43.52,34.959
yerevan_armenia,Armenia,Yerevan,43.907,39.693,45.276,40.617
sanaa_yemen,Yemen,Sanaa,43.938,15.152,44.462,15.534
valparaiso_chile,Chile,Valparaiso,-71.743,-33.178,-71.232,-32.894
brasilia_brazil,Brazil,Brasilia,-48.501,-16.317,-47.378,-15.36
oruro_bolivia,Bolivia,Oruro,-67.219,-18.049,-67.004,-17.869
piura_peru,Peru,Piura,-80.725,-5.266,-80.522,-5.125
talca_chile,Chile,Talca,-71.83,-35.572,-71.488,-35.334
salvador_brazil,Brazil,Salvador,-38.783,-13.28,-37.9,-12.492
medellin_colombia,Colombia,Medellin,-75.887,6.01,-75.277,6.497
la-paz_bolivia,Bolivia,La Paz,-68.335,-16.688,-67.993,-16.391
rancagua_chile,Chile,Rancagua,-70.87,-34.268,-70.494,-34.052
recife_brazil,Brazil,Recife,-35.008,-8.156,-33.865,-7.931
potosi_bolivia,Bolivia,Potosi,-65.832,-19.636,-65.683,-19.527
bahia-blanca_argentina,Argentina,Bahia Blanca,-62.652,-38.964,-61.845,-38.608
guayaquil_ecuador,Ecuador,Guayaquil,-80.03,-2.301,-79.768,-2.018
cochabamba_bolivia,Bolivia,Cochabamba,-66.75,-17.793,-65.674,-16.904
cali_colombia,Colombia,Cali,-76.58,3.306,-76.453,3.608
temuco_chile,Chile,Temuco,-72.829,-38.917,-72.309,-38.642
cordoba_argentina,Argentina,Cordoba,-64.373,-31.534,-63.995,-31.256
cusco_peru,Peru,Cusco,-71.855,-13.582,-70.047,-13.473
mendoza_argentina,Argentina,Mendoza,-70.005,-34.927,-67.198,-32.575
rio-de-janeiro_brazil,Brazil,Rio De Janeiro,-43.86,-23.216,-42.751,-22.378
concepcion_chile,Chile,Concepcion,-73.271,-37.019,-72.887,-36.583
curitiba_brazil,Brazil,Curitiba,-49.703,-25.799,-48.799,-25.071
trinidad_bolivia,Bolivia,Trinidad,-64.989,-14.887,-64.825,-14.768
cumana_venezuela,Venezuela,Cumana,-64.221,10.407,-64.086,10.483
cobija_bolivia,Bolivia,Cobija,-68.814,-11.067,-68.711,-10.982
palmas_brazil,Brazil,Palmas,-48.525,-10.464,-48.144,-10.087
region-x_chile,Chile,Region X,-74.663,-43.723,-71.301,-40.363
porto-alegre_brazil,Brazil,Porto Alegre,-52.159,-30.638,-50.371,-29.471
campo-grande_brazil,Brazil,Campo Grande,-54.902,-20.67,-54.445,-20.352
asuncion_paraguay,Paraguay,Asuncion,-57.777,-25.535,-57.268,-25.052
florianopolis_brazil,Brazil,Florianopolis,-48.738,-27.902,-48.293,-27.286
santa-cruz_bolivia,Bolivia,Santa Cruz,-63.43,-18.019,-62.889,-17.57
maraciabo_venezuela,Venezuela,Maraciabo,-71.743,10.507,-71.586,10.746
lima_peru,Peru,Lima,-77.294,-12.358,-76.701,-11.644
santiago_chile,Chile,Santiago,-71.043,-33.824,-70.353,-33.151
valdivia_chile,Chile,Valdivia,-73.501,-39.982,-73.072,-39.688
quito_ecuador,Ecuador,Quito,-78.853,-0.55,-78.1,0.109
fortaleza_brazil,Brazil,Fortaleza,-38.636,-3.889,-38.401,-3.688
bogota_colombia,Colombia,Bogota,-74.421,4.291,-73.767,5.022
san-jose_costa-rica,Costa Rica,San Jose,-84.254,9.788,-83.908,10.007
blumenau_brazil,Brazil,Blumenau,-49.19,-27.035,-48.995,-26.624
teresina_brazil,Brazil,Teresina,-42.97,-5.586,-42.599,-4.787
belo-horizonte_brazil,Brazil,Belo Horizonte,-44.063,-20.029,-43.865,-19.776
caracas_venezuela,Venezuela,Caracas,-67.11,10.27,-66.663,10.645
montevideo_uruguay,Uruguay,Montevideo,-56.321,-34.953,-56.026,-34.772
sucre_bolivia,Bolivia,Sucre,-65.342,-19.08,-65.189,-18.977
manaus_brazil,Brazil,Manaus,-60.161,-3.222,-59.8,-2.898
martinique_french-caribbean,French Caribbean,Martinique,-61.229,14.389,-60.811,14.879
cartagena_colombia,Colombia,Cartagena,-75.627,10.251,-75.337,10.572
sao-paulo_brazil,Brazil,Sao Paulo,-47.357,-24.317,-45.863,-23.125
paramaribo_suriname,Suriname,Paramaribo,-55.218,5.868,-55.174,5.883
iquique_chile,Chile,Iquique,-70.186,-20.3,-70.113,-20.186
mariana_brazil,Brazil,Mariana,-43.431,-20.403,-43.407,-20.351
buenos-aires_argentina,Argentina,Buenos Aires,-59.258,-35.139,-57.833,-34.219
tarija_bolivia,Bolivia,Tarija,-64.843,-21.632,-64.622,-21.454
milwaukee_wisconsin,Wisconsin,Milwaukee,-88.511,42.656,-87.522,43.389
nassau_bahamas,Bahamas,Nassau,-77.556,24.974,-77.253,25.092
san-francisco_california,California,San Francisco,-122.737,37.449,-122.011,37.955
omaha_nebraska,Nebraska,Omaha,-96.275,41.079,-95.757,41.378
quebec_canada,Canada,Quebec,-71.447,46.723,-71.103,46.927
tampa_florida,Florida,Tampa,-82.935,27.279,-82.012,28.376
bronx_new-york,New York,Bronx,-73.933,40.786,-73.765,40.915
bernalillo-county_new-mexico,New Mexico,Bernalillo County,-107.196,34.869,-106.15,35.22
fort-wayne_indiana,Indiana,Fort Wayne,-85.335,40.95,-84.98,41.208
miami_florida,Florida,Miami,-80.683,25.291,-79.774,26.912
tuscaloosa_alabama,Alabama,Tuscaloosa,-88.027,32.829,-86.88,33.785
grand-rapids-holland-muskegon_michigan,Michigan,Grand Rapids Holland Muskegon,-86.41,42.61,-85.3,43.33
el-paso_texas,Texas,El Paso,-106.651,31.614,-106.202,32.003
humboldt_california,California,Humboldt,-124.744,39.988,-122.802,41.553
charleston_south-carolina,South Carolina,Charleston,-80.344,32.506,-79.675,32.976
phoenix_arizona,Arizona,Phoenix,-112.821,32.796,-111.211,34.07
san-juan_puerto-rico,Puerto Rico,San Juan,-66.301,18.186,-65.817,18.502
dallas_texas,Texas,Dallas,-97.789,32.166,-96.113,33.431
mississauga_canada,Canada,Mississauga,-79.827,43.478,-79.506,43.677
rimouski_canada,Canada,Rimouski,-68.612,48.415,-68.448,48.494
hamilton_canada,Canada,Hamilton,-80.029,43.155,-79.614,43.317
new-york_new-york,New York,New York,-74.501,40.345,-73.226,41.097
colorado-springs_colorado,Colorado,Colorado Springs,-104.906,38.711,-104.64,39.001
ottawa_canada,Canada,Ottawa,-76.361,44.927,-75.052,45.598
raleigh_north-carolina,North Carolina,Raleigh,-79.116,35.759,-78.577,36.051
south-bend_indiana,Indiana,South Bend,-86.545,41.461,-85.696,41.929
birmingham_alabama,Alabama,Birmingham,-87.136,33.307,-86.387,33.707
victoria_canada,Canada,Victoria,-124.063,48.054,-122.568,48.871
halifax_canada,Canada,Halifax,-63.744,44.574,-63.41,44.809
seattle_washington,Washington,Seattle,-123.931,46.608,-121.335,48.528
santa-barbara_california,California,Santa Barbara,-120.712,33.872,-119.08,34.764
spokane_washington,Washington,Spokane,-117.801,47.504,-117.107,47.841
kamloops_canada,Canada,Kamloops,-120.55,50.61,-120.03,50.87
los-angeles_california,California,Los Angeles,-119.437,33.298,-116.724,34.583
kansas-city-lawrence-topeka_kansas,Kansas,Kansas City Lawrence Topeka,-95.946,38.599,-94.048,39.419
saint-john_canada,Canada,Saint John,-52.788,47.498,-52.613,47.63
iqaluit_canada,Canada,Iqaluit,-68.652,63.703,-68.364,63.796
mexico-city_mexico,Mexico,Mexico City,-99.597,18.992,-98.606,19.921
saint-louis_missouri,Missouri,Saint Louis,-91.01,38.069,-89.533,39.151
edmonton_canada,Canada,Edmonton,-114.529,52.941,-112.43,54.213
charlottetown_canada,Canada,Charlottetown,-63.203,46.22,-63.065,46.3
syracuse_new-york,New York,Syracuse,-76.375,42.941,-75.946,43.219
philadelphia_pennsylvania,Pennsylvania,Philadelphia,-75.572,39.641,-74.641,40.308
dayton_ohio,Ohio,Dayton,-84.7,39.5,-83.7,40
san-diego-tijuana_mexico,Mexico,San Diego Tijuana,-117.376,32.312,-116.588,33.078
santa-fe_new-mexico,New Mexico,Santa Fe,-106.114,35.597,-105.863,35.755
vancouver_canada,Canada,Vancouver,-123.29,49.195,-123.02,49.32
eugene_oregon,Oregon,Eugene,-123.266,43.983,-122.946,44.142
portland_maine,Maine,Portland,-70.393,43.525,-70.134,43.737
mcallen_texas,Texas,Mcallen,-98.494,25.864,-97.218,26.819
barnstable_massachusetts,Massachusetts,Barnstable,-70.382,41.608,-70.216,41.739
albany_new-york,New York,Albany,-73.898,42.614,-73.725,42.722
chicago_illinois,Illinois,Chicago,-88.505,41.339,-87.066,42.297
calgary_canada,Canada,Calgary,-114.612,50.71,-113.478,51.353
whitehorse_canada,Canada,Whitehorse,-135.217,60.625,-134.918,60.798
honolulu_hawaii,Hawaii,Honolulu,-158.35,21.192,-157.592,21.781
hampton-roads_virginia,Virginia,Hampton Roads,-76.663,36.718,-75.918,37.208
salt-lake-city_utah,Utah,Salt Lake City,-112.102,40.7,-111.739,40.853
athens_georgia,Georgia,Athens,-83.538,33.847,-83.24,34.041
denver-boulder_colorado,Colorado,Denver Boulder,-105.746,39.323,-104.334,40.313
albuquerque_new-mexico,New Mexico,Albuquerque,-106.882,34.947,-106.471,35.218
saguenay_canada,Canada,Saguenay,-71.297,48.281,-70.838,48.474
dc-baltimore_maryland,Maryland,Dc Baltimore,-77.599,38.539,-76.058,39.631
san-antonio_texas,Texas,San Antonio,-98.951,29.109,-97.88,29.951
cleveland_ohio,Ohio,Cleveland,-82.485,40.73,-80.798,41.918
shawinigan_canada,Canada,Shawinigan,-72.81,46.5,-72.69,46.595
detroit_michigan,Michigan,Detroit,-84.158,41.723,-82.375,43.168
fredericton_canada,Canada,Fredericton,-66.787,45.891,-66.547,46.024
san-luis-obispo_california,California,San Luis Obispo,-120.723,35.233,-120.618,35.312
lincoln_nebraska,Nebraska,Lincoln,-96.867,40.66,-96.455,40.948
toronto_canada,Canada,Toronto,-80.161,43.201,-78.717,44.182
louisville_kentucky,Kentucky,Louisville,-85.951,37.997,-85.405,38.375
new-orleans_louisiana,Louisiana,New Orleans,-90.653,28.887,-89.11,30.51
cape-canaveral_florida,Florida,Cape Canaveral,-80.944,28.107,-80.213,28.509
windsor_canada,Canada,Windsor,-83.114,42.233,-82.89,42.348
lexington_kentucky,Kentucky,Lexington,-84.809,37.799,-84.232,38.255
little-rock_arkansas,Arkansas,Little Rock,-92.521,34.626,-92.155,34.822
lafayette_indiana,Indiana,Lafayette,-87,40.33,-86.75,40.52
guatemala-city_guatemala,Guatemala,Guatemala City,-90.715,14.4,-90.35,14.733
richmond_virginia,Virginia,Richmond,-77.718,37.373,-77.215,37.695
monterrey_mexico,Mexico,Monterrey,-100.422,25.5,-100.184,25.797
evansville_indiana,Indiana,Evansville,-87.747,37.759,-87.237,38.177
champaign_illinois,Illinois,Champaign,-88.403,39.944,-88.133,40.186
greensboro_north-carolina,North Carolina,Greensboro,-80.034,35.927,-79.595,36.218
haldimand_canada,Canada,Haldimand,-80.132,42.801,-79.468,43.127
winnipeg_canada,Canada,Winnipeg,-97.473,49.729,-96.885,50.034
brooklyn_new-york,New York,Brooklyn,-74.057,40.551,-73.833,40.739
hellertown_pennsylvania,Pennsylvania,Hellertown,-75.368,40.56,-75.318,40.598
santa-monica_california,California,Santa Monica,-118.551,33.967,-118.443,34.051
harrisburg_pennsylvania,Pennsylvania,Harrisburg,-77.07,40.179,-76.709,40.362
santa-ana_california,California,Santa Ana,-117.944,33.692,-117.831,33.784
duluth_minnesota,Minnesota,Duluth,-92.603,46.575,-91.234,47.095
harrisonburg_virginia,Virginia,Harrisonburg,-78.947,38.376,-78.812,38.498
sherbrooke_canada,Canada,Sherbrooke,-72.014,45.343,-71.792,45.465
leon_mexico,Mexico,Leon,-101.746,21.056,-101.598,21.193
indianapolis_indiana,Indiana,Indianapolis,-86.485,39.454,-85.746,40.134
saskatoon_canada,Canada,Saskatoon,-106.749,52.073,-106.549,52.204
la-habana_cuba,Cuba,La Habana,-82.462,23.032,-82.278,23.184
palm-beach-county_florida,Florida,Palm Beach County,-80.886,26.321,-79.974,26.971
madison_wisconsin,Wisconsin,Madison,-89.854,42.801,-88.992,43.343
minneapolis-saint-paul_minnesota,Minnesota,Minneapolis Saint Paul,-94.013,44.471,-92.543,45.415
exatepec-de-morelos_mexico,Mexico,Exatepec De Morelos,-99.101,19.484,-98.974,19.659
tijuana_mexico,Mexico,Tijuana,-117.125,32.442,-116.862,32.553
providence_rhode-island,Rhode Island,Providence,-71.51,41.769,-71.311,41.881
juneau_alaska,Alaska,Juneau,-135.2,57.809,-133.03,58.982
houston_texas,Texas,Houston,-96.064,28.856,-94.378,30.261
san-francisco-bay_california,California,San Francisco Bay,-123.64,36.791,-121.025,38.719
wichita_kansas,Kansas,Wichita,-97.872,37.231,-96.842,38.117
grassvalley_california,California,Grassvalley,-121.3,39.08,-120.88,39.32
pittsburgh_pennsylvania,Pennsylvania,Pittsburgh,-80.711,40.023,-79.249,40.88
trois-rivieres_canada,Canada,Trois Rivieres,-72.701,46.294,-72.467,46.428
boise_idaho,Idaho,Boise,-116.211,43.313,-115.911,43.613
iowa-city_iowa,Iowa,Iowa City,-91.616,41.599,-91.463,41.696
orlando_florida,Florida,Orlando,-81.516,28.358,-81.221,28.61
managua_nicaragua,Nicaragua,Managua,-86.451,11.826,-85.935,12.25
rochester_new-york,New York,Rochester,-77.71,43.089,-77.528,43.213
des-moines_iowa,Iowa,Des Moines,-93.904,41.486,-93.435,41.781
auburn_alabama,Alabama,Auburn,-85.543,32.568,-85.408,32.644
columbus_ohio,Ohio,Columbus,-83.482,39.542,-82.479,40.459
gainesville_florida,Florida,Gainesville,-82.659,29.417,-82.049,29.945
mobile_alabama,Alabama,Mobile,-88.363,30.496,-87.832,30.883
puebla_mexico,Mexico,Puebla,-98.382,18.876,-98.078,19.149
santa-cruz_california,California,Santa Cruz,-122.155,36.939,-121.89,37.091
redlands_california,California,Redlands,-117.325,33.968,-116.976,34.138
bangor_maine,Maine,Bangor,-68.871,44.757,-68.643,44.864
tucson_arizona,Arizona,Tucson,-111.328,31.944,-110.555,32.577
springfield_missouri,Missouri,Springfield,-93.417,37.092,-93.207,37.271
jacksonville_florida,Florida,Jacksonville,-82.049,30.103,-81.391,30.586
las-vegas_nevada,Nevada,Las Vegas,-115.581,35.757,-114.211,36.615
savannah_georgia,Georgia,Savannah,-81.328,31.85,-80.83,32.25
hartford_connecticut,Connecticut,Hartford,-72.711,41.71,-72.565,41.818
fort-collins_colorado,Colorado,Fort Collins,-105.144,40.478,-104.987,40.618
atlanta_georgia,Georgia,Atlanta,-85.386,32.844,-83.269,34.618
port-au-prince_haiti,Haiti,Port Au Prince,-72.518,18.456,-72.112,18.683
montreal_canada,Canada,Montreal,-74.734,44.968,-72.723,46.057
yellowknife_canada,Canada,Yellowknife,-114.516,62.402,-114.241,62.526
reno_nevada,Nevada,Reno,-120.094,39.309,-119.506,39.769
regina_canada,Canada,Regina,-104.776,50.361,-104.462,50.543
san-jose_california,California,San Jose,-122.046,37.125,-121.589,37.469
asheville_north-carolina,North Carolina,Asheville,-82.737,35.478,-82.358,35.686
stockton_california,California,Stockton,-121.42,37.888,-121.184,38.058
banff_canada,Canada,Banff,-115.698,51.128,-115.439,51.228
cincinnati_ohio,Ohio,Cincinnati,-84.843,38.875,-84.121,39.471
austin_texas,Texas,Austin,-98.212,29.931,-97.234,30.67
terre-haute_indiana,Indiana,Terre Haute,-87.508,39.367,-87.28,39.578
waterloo-region_canada,Canada,Waterloo Region,-80.872,43.263,-80.186,43.694
san-diego_california,California,San Diego,-117.288,32.558,-116.918,32.91
macon_georgia,Georgia,Macon,-83.907,32.66,-83.482,32.969
walt-disney-world_florida,Florida,Walt Disney World,-81.64,28.243,-81.507,28.442
portland_oregon,Oregon,Portland,-123.521,45.096,-122.11,45.897
sioux-city_iowa,Iowa,Sioux City,-96.507,42.367,-96.283,42.578
boston_massachusetts,Massachusetts,Boston,-71.191,42.228,-70.923,42.42
oklahoma-city_oklahoma,Oklahoma,Oklahoma City,-97.811,35.274,-97.278,35.713
juarez_mexico,Mexico,Juaréz,-106.592,31.524,-106.294,31.784
chattanooga_tennessee,Tennessee,Chattanooga,-86.385,34.252,-82.979,35.844
allentown_pennsylvania,Pennsylvania,Allentown,-75.543,40.55,-75.418,40.623
sacramento_california,California,Sacramento,-121.821,38.395,-120.995,38.955
state-college_pennsylvania,Pennsylvania,State College,-78.28,40.572,-77.302,41.106
nashville_tennessee,Tennessee,Nashville,-87.743,35.408,-85.778,36.652
santo-domingo_dominican-republic,Dominican Republic,Santo Domingo,-70.203,18.314,-69.62,18.685
panama-city_panama,Panama,Panama City,-79.598,8.907,-79.272,9.26
kingston_jamaica,Jamaica,Kingston,-76.859,17.921,-76.692,18.089
memphis_tennessee,Tennessee,Memphis,-90.409,34.551,-89.011,35.655
charlotte_north-carolina,North Carolina,Charlotte,-81.307,34.919,-80.396,35.476
south-lake-tahoe_california,California,South Lake Tahoe,-120.368,38.705,-119.654,39.45
toledo_ohio,Ohio,Toledo,-83.785,41.518,-83.36,41.722
youngstown_ohio,Ohio,Youngstown,-80.712,41.046,-80.56,41.134
kent_ohio,Ohio,Kent,-81.389,41.133,-81.283,41.188
mountain-view_california,California,Mountain View,-122.117852,37.35676,-122.035804,37.469887