extract,id,country,city,left,bottom,right,top
udine_italy,c136274683dc8e49497e4c0e921dc566,Italy,Udine,13.184,46.001,13.295,46.118
gaborone_botswana,8a114a9db70036bf0874388c81e78338,Botswana,Gaborone,25.757,-24.728,26.054,-24.488
annaba_algeria,3ab83a408a6d765921636d290790ac1a,Algeria,Annaba,7.695,36.866,7.793,36.97
lilongwe_malawi,5fd14a1302e72edcb7af5a964fec52fe,Malawi,Lilongwe,33.652,-14.092,33.906,-13.86
luanda_angola,dfc3093eb17d69c350f96918888edd6a,Angola,Luanda,13.086,-9.089,13.5,-8.729
alexandria_egypt,3deebbd63f79ff307197f8f2ef1fd463,Egypt,Alexandria,29.689,31.024,30.295,31.432
harare_zimbabwe,323b4188866f985e71aecde5bef0daf6,Zimbabwe,Harare,30.701,-18.161,31.377,-17.508
dar-es-salaam_tanzania,70cc946286b2de4a8eff1e8f0f56a8cb,Tanzania,Dar Es Salaam,38.894,-7.12,39.661,-6.502
kano_nigeria,e878be52c21762d888fdd3d019b36eb3,Nigeria,Kano,8.428,11.919,8.625,12.082
tunis_tunisia,ea7b408796950f324e7381a8b99c0aee,Tunisia,Tunis,9.978,36.659,10.493,37.008
victoria_seychelles,b89471376631bae29b9793cea04db1f7,Seychelles,Victoria,55.191,-4.823,56,-4.206
chinhoyi_zimbabwe,cbce18edbd48ed0a0743c17445763796,Zimbabwe,Chinhoyi,-7.737,33.487,-7.456,33.652
lome_togo,e3bf48bdf26ec3c0d3f6e7bbd03a619c,Togo,Lome,1.064,6.083,1.411,6.298
ouagadougou_burkina-faso,042c38375832b4ac4be582f7a952544b,Burkina Faso,Ouagadougou,-1.689,12.256,-1.397,12.489
tindouf_algeria,3825d9d408af8613686c0fa082bf0d01,Algeria,Tindouf,-8.667,25.569,-3.98,28.923
oran_algeria,5e03169f6332516c75c1a93a7cfa79b1,Algeria,Oran,-0.73,35.645,-0.553,35.77
dakar_senegal,4783b12026ce606214a49ec01dbd7889,Senegal,Dakar,-17.535,14.641,-17.216,14.863
niamey_niger,8bda3010204f1621dfb789d7c7a51527,Niger,Niamey,1.979,13.404,2.234,13.605
mocuba_mozambique,2c66f4d634f8ff3dd509f5d401ddf8d2,Mozambique,Mocuba,35.824,-17.45,37.664,-16.167
conakry_guinea,9778944f46ddc810b2393e410ab7eba3,Guinea,Conakry,30.156,-17.344,30.222,-17.343
abidjan_ivory-coast,e01a9e02d7ddf92b438a2fb922dc9392,Ivory Coast,Abidjan,-4.183,5.22,-3.849,5.523
lagos_nigeria,3245baccd912006d057543bca44db18c,Nigeria,Lagos,2.889,6.32,3.834,6.91
juba_south-sudan,7c69dc581878d1d46815c03fcf52a4f3,South Sudan,Juba,31.491,4.786,31.653,4.928
maputo_mozambique,70a3469bea91924cecf2c23c73cf9248,Mozambique,Maputo,32.391,-26.045,32.706,-25.81
constantine_algeria,be5120e6cb50bf29e14f4ec0478d2260,Algeria,Constantine,6.528,36.259,6.767,36.449
bamako_mali,cecbfb564b6f2562985f10ca4b52b88b,Mali,Bamako,-8.115,12.5,-7.901,12.726
maiduguri_nigeria,53d977aed04b053923e22e211fea7b58,Nigeria,Maiduguri,12.679,11.553,13.526,12.142
cairo_egypt,89740710d9ff9720ae1628fc43d3fc68,Egypt,Cairo,30.897,29.761,31.71,30.564
accra_ghana,f9a0b8ef25a11d4adf719f78746901a5,Ghana,Accra,-0.437,5.475,-0.071,5.675
antananarivo_madagascar,ac3109a5902b61f96f5b0ee827bc7e2b,Madagascar,Antananarivo,47.37,-19.025,47.679,-18.772
saint-louis_senegal,0254cb171cc4f86853a5974feac79573,Senegal,Saint Louis,-16.556,15.952,-16.393,16.085
kinshasa_congo,fa383d05a57bdbc77b9b2efd8c9f6a4f,Congo,Kinshasa,15.176,-4.509,15.47,-4.293
kampala_uganda,27f7c29a426f02467b59b1e08046083c,Uganda,Kampala,32.287,-0.081,32.866,0.6
mekelle_ethiopia,798e61fe139dab0481509b52f105647e,Ethiopia,Mekelle,39.343,13.364,39.629,13.654
nairobi_kenya,148d34dd56a3844e93263869dcb1860e,Kenya,Nairobi,36.582,-1.488,37.056,-0.965
durban_south-africa,121915e87a340c0ab3c2db1927893be8,South Africa,Durban,30.73,-30.111,31.109,-29.694
tamale_ghana,261cc404db1872025e55cc3e6da7e4ba,Ghana,Tamale,-0.908,9.353,-0.773,9.483
mogadishu_somalia,42433540cf8e65ac1e1117c160616cbd,Somalia,Mogadishu,45.025,1.773,45.636,2.33
ibadan_nigeria,8bb4814dc133032477f4e4b07e6b24e1,Nigeria,Ibadan,3.839,7.302,4.025,7.476
bangui_central-african-republic,a1c84e68e810ba847749fce8da93d427,Central African Republic,Bangui,18.444,4.283,18.677,4.495
kigali_rwanda,5cbe05454d608bde1cda72d7c77e5468,Rwanda,Kigali,29.91,-2.126,30.288,-1.698
monrovia_liberia,38e94b59cb91bb7f84c8bd7662098c0e,Liberia,Monrovia,-10.903,6.194,-10.554,6.435
algiers_algeria,b9ffc47639d78dde43fa23b856b5175b,Algeria,Algiers,3.026,36.744,3.058,36.762
giza_egypt,890dff0bd3e9dba561e0cd52493bec9a,Egypt,Giza,31.169,29.946,31.283,30.043
lusaka_zambia,9135903ba000950aeda539d358704385,Zambia,Lusaka,28.113,-15.569,28.479,-15.249
khartoum_republic-of-sudan,7db0c9f1a3f239569a2d65d50eda856a,Republic Of Sudan,Khartoum,32.281,15.38,32.783,15.854
casablanca_morocco,cbce18edbd48ed0a0743c17445763796,Morocco,Casablanca,-7.737,33.487,-7.456,33.652
cape-town_south-africa,d4451d8c627a68909b6fe2b4647d455a,South Africa,Cape Town,18.302,-34.363,19.004,-33.471
addis-abeba_ethiopia,383295d027f1a361b4e4b8108faac328,Ethiopia,Addis Abeba,38.651,8.919,38.92,9.077
johannesburg_south-africa,85cd157c55578d3efb38ed91538aa854,South Africa,Johannesburg,27.537,-26.563,28.542,-25.834
bujumbura_burundi,c2dc61c18d04abed144603fdf42c8e36,Burundi,Bujumbura,29.301,-3.453,29.409,-3.297
abuja_nigeria,5f390ce0d898eafcd1478310c4074ddd,Nigeria,Abuja,7.248,8.835,7.717,9.246
yamoussoukro_ivory-coast,54fbddc7b6fb467f40c2e672d9c2083b,Ivory Coast,Yamoussoukro,-5.529,6.599,-5.003,7.097
bejaia_algeria,e88b3ac308199fa9101f8ebc2dbdca7b,Algeria,Bejaia,4.91,36.6,5.22,36.89
ekurhuleni_south-africa,84e9e83984cae82efc5ade50f4a54386,South Africa,Ekurhuleni,28.066,-26.466,28.527,-25.903
cotonou_benin,8cc4de5cfa5b15f70a3e4c1ad1695615,Benin,Cotonou,2.339,6.332,2.511,6.408
belgrade_serbia,ed59beb8a0936c54409b2758939c2fbc,Serbia,Belgrade,20.191,44.637,20.706,44.908
sofia_bulgaria,06e10a7fd07c6378bc3ee400cbf02889,Bulgaria,Sofia,22.87,42.38,23.83,43.04
lodz_poland,aad44b77b45adb3eb03316a55384d689,Poland,Lodz,19.252,51.676,19.708,51.869
constanta_romania,cdf91e72db212b68f06c7afd5a06e26a,Romania,Constanta,28.15,43.757,28.75,44.385
wroclaw_poland,be6d48ea05d4ede1f2ee5686eefa2d5c,Poland,Wroclaw,16.652,50.877,17.363,51.311
ljubljana_slovenia,e3f138417efa00804b5797d50b8ee9a0,Slovenia,Ljubljana,14.4,45.973,14.76,46.147
iasi_romania,994e94d48021cbf28df7881f83dde3d6,Romania,Iasi,27.375,47.023,27.75,47.235
donetsk_ukraine,79b1aa06b877ad3dd52df28ef4918787,Ukraine,Donetsk,37.518,47.886,37.997,48.093
zagreb_croatia,0b0f1e45f2933dce341d59db0baf5111,Croatia,Zagreb,15.81,45.74,16.151,45.848
bratislava_slovakia,0d84b0073fd0c64eee59e9b38facfa85,Slovakia,Bratislava,16.955,48.061,17.494,48.295
poznan_poland,ed20f8a69db0dea60da942d034138b12,Poland,Poznan,16.732,52.292,17.072,52.509
novisad_serbia,4848c360fb8fed51989abaf7fc221426,Serbia,Novisad,19.651,45.18,19.968,45.472
klaipeda_lithuania,f9d79b79a9382e373a93fe021eacfc42,Lithuania,Klaipeda,21.075,55.613,21.241,55.797
vilnius_lithuania,3375c26e80a7ec216d7d878a2a14cded,Lithuania,Vilnius,25.004,54.569,25.48,54.796
brasov_romania,963bad58ea72ac5130b99a522f9340a2,Romania,Brasov,25.38,45.3,25.8,45.746
wielun_poland,a81396e03a26b1d1f62d14da90581f3e,Poland,Wielun,18.532,51.201,18.606,51.249
lviv_ukraine,5ca5af58b4c0028abd1dd51e8fc2c711,Ukraine,Lviv,23.587,49.573,24.433,50.148
dnipropetrovsk_ukraine,b31cacb897793d7e5057733264dde1ce,Ukraine,Dnipropetrovsk,34.747,48.335,35.274,48.595
kirovograd_ukraine,dc47e9c63fbd0df95df1c96dc836301e,Ukraine,Kirovograd,31.923,48.281,32.623,48.76
kharkiv_ukraine,0d7b85f3e85b9fd2a4f0c458b60e8065,Ukraine,Kharkiv,36.106,49.878,36.455,50.105
budapest_hungary,3cdbb65dc64aa493e7599d8f0d353604,Hungary,Budapest,18.347,47.025,19.78,47.861
timisoara_romania,4e499fc1ee7ed29740b36d57fe18c7c7,Romania,Timisoara,21.085,45.673,21.385,45.842
cluj_romania,be83c967d762c1d96da202f22dc71fa2,Romania,Cluj,23.454,46.68,23.755,46.83
kyiv_ukraine,7840bb2a9c87083418b5a2ee7b2fef7e,Ukraine,Kyiv,30.078,50.086,30.97,50.74
vinnytsia_ukraine,68d10749faf3749daed35ee31ecce99c,Ukraine,Vinnytsia,28.367,49.189,28.574,49.281
debrecen_hungary,e6b42fff92e241f4cdc0b9e760be038e,Hungary,Debrecen,21.426,47.409,21.862,47.652
chisinau_moldova,83b8ca72d44808dcb7cbaed9af7fabe3,Moldova,Chisinau,28.745,46.92,28.972,47.079
krakow_poland,94f7259666f03f82ea6f81555e9adeb2,Poland,Krakow,19.594,49.85,20.275,50.24
odessa_ukraine,2fb1d90e1f457864c17ab7ab446e388e,Ukraine,Odessa,30.154,46.227,30.935,46.731
istanbul_turkey,2133b9d14b64e9ea8434bb8eee9aae1e,Turkey,Istanbul,28.313,40.738,29.678,41.421
minsk_belarus,6e24603e540289c4753254423753b174,Belarus,Minsk,27.375,53.796,28.064,53.972
sarajevo_bosnia,43578879a471a0100e4c32f4c35e8434,Bosnia,Sarajevo,18.115,43.702,18.631,43.987
vienna_austria,d82784809858a7850f536819c9100cde,Austria,Vienna,16.137,48.048,16.714,48.386
salzburg_austria,4ea05560e1f0bcdb04efc3c344a0d30a,Austria,Salzburg,12.985,47.751,13.128,47.855
riga_latvia,3f64cc3afed9621f31369898d06d05d8,Latvia,Riga,23.469,56.579,24.789,57.3
krasnokutsk_ukraine,6e5baa52e69d94333736cbcfed6c7e38,Ukraine,Krasnokutsk,35.097,50.027,35.198,50.085
gdansk_poland,47c57fd5e129144737feb3b92e1c2aa8,Poland,Gdansk,18.174,54.007,19.113,54.87
prague_czech-republic,a960196db9bb5e49cddac35b9a234416,Czech Republic,Prague,13.842,49.763,15.012,50.408
tallinn_estonia,34ce83bb36f624eada6a28e0eaf37461,Estonia,Tallinn,24.542,59.322,24.951,59.492
warsaw_poland,3a0d6e2bd18569c97d96ebbc36d9dc77,Poland,Warsaw,20.341,51.845,21.692,52.623
nis_serbia,6c2cf76f21bf2debac1fe06b5ade6a5d,Serbia,Nis,21.82,43.287,21.974,43.359
sibiu_romania,39c5c3f29c5549e7816655855eca3f9b,Romania,Sibiu,24,45.69,24.28,45.84
bucharest_romania,c755cf3464a67f837c4cab05615fe889,Romania,Bucharest,25.542,44.141,26.756,44.729
wuppertal_germany,3ea05938262661be1bb614de47480d37,Germany,Wuppertal,7.014,51.166,7.313,51.318
oradea_romania,2a711037f16777bda2ca493132d658f3,Romania,Oradea,21.839,47.008,22.038,47.145
brno_czech-republic,397af4d8de3eac1ede9c6b1de3a687fb,Czech Republic,Brno,16.268,48.951,16.94,49.357
katowice_poland,88c45310c4d9d8b765650ea1929210d3,Poland,Katowice,18.115,50.055,19.604,50.706
trondheim_norway,42c074ea75ffc51dd2f26ad3cf79eced,Norway,Trondheim,9.869,62.995,11.767,63.631
bodo_norway,dd165f137fa620b6fdfe61df1782fb95,Norway,Bodo,14.232,67.247,14.672,67.356
lund_sweden,866b03b51d0e1b408a1b3d45542463fe,Sweden,Lund,13.14,55.678,13.263,55.74
malmo_sweden,f4aa831fe9ef899810b7ab9713f1d2cc,Sweden,Malmo,12.715,55.485,13.167,55.68
oslo_norway,4e9fa526ef665871ca0b33c6252fb116,Norway,Oslo,9.691,58.938,11.493,60.424
helsinki_finland,28cf95134da9378f26dfae2bbf012dc0,Finland,Helsinki,24.34,60.052,25.381,60.68
stockholm_sweden,c7f0d1207e516cd62f766add4a3b4205,Sweden,Stockholm,16.858,58.718,19.526,60.249
aarhus_denmark,7bff86de0b8b39ae688de241ff3c1213,Denmark,Aarhus,10.068,56.08,10.356,56.252
reykjavik_iceland,ad92ae73b4ea336171acb12d63d6c753,Iceland,Reykjavik,-22.826,63.771,-21.14,64.297
tampere_finland,02c5cc6a39684a0de56abdea9b78279d,Finland,Tampere,22.417,61.047,24.988,62.188
bergen_norway,ae84fcc49b9747edac1ad81747217162,Norway,Bergen,5.075,60.241,5.559,60.531
gothenburg_sweden,dad11daf2d76c9699824978a4d1fb02a,Sweden,Gothenburg,11.552,57.532,12.31,57.803
granada_spain,c312f893d2642730f4f99bbe31bd11d2,Spain,Granada,-3.703,37.108,-3.506,37.241
pisa_italy,8b42dbf7bdcad0018078a5a1c47989d3,Italy,Pisa,10.356,43.67,10.444,43.737
acoruna_spain,0ca70f56787d5faa114cadc57e270fb1,Spain,Acoruna,-8.6,43.2,-8,43.6
milan_italy,834432b54800c355c1cbc0d0e2e3e246,Italy,Milan,8.86,45.246,9.47,45.694
avila_spain,966f9aae88cd366b0b009698516caec3,Spain,Avila,-4.745,40.627,-4.64,40.681
faro_portugal,cbcadb5c0f5aa4573de6503516f6feec,Portugal,Faro,-8.01,36.988,-7.9,37.054
bilbao_spain,34af16fc64d8b81089e3785397b25e25,Spain,Bilbao,-3.363,43.043,-2.555,43.5
cantabria_spain,d3de058c259621ba7fcf38ec1364b455,Spain,Cantabria,-4.859,42.753,-3.134,43.523
burgos_spain,79bb034082cc5fa6cc5b8118821e46f8,Spain,Burgos,-3.802,42.316,-3.598,42.391
barcelona_spain,c2b44925d2d78137fa864bb16517f4f2,Spain,Barcelona,1.898,41.246,2.312,41.533
thessaloniki_greece,c82b6498c572edf230066f97a268eb06,Greece,Thessaloniki,22.902,40.587,22.991,40.656
vigo_spain,f8b2c6616837ef4c2002c5c922a09bc1,Spain,Vigo,-8.827,42.169,-8.609,42.307
brescia_italy,945ee2700b3145486057422e1b94f5d3,Italy,Brescia,10.147,45.236,10.3,45.798
oristano_italy,30d0f6e48d09babeee0635ec98d35362,Italy,Oristano,8.363,39.622,9.186,40.428
athens_greece,3ed9344da8a79b5eba8beba4d8b26980,Greece,Athens,22.949,37.514,24.421,38.365
evora_portugal,eddc931f2aa73b42a52d461f5a482886,Portugal,Evora,-7.957,38.518,-7.873,38.606
pistoia_italy,279e32b472258110e9d91cd1bfeea2fe,Italy,Pistoia,10.805,43.871,11.017,44.102
santiago-de-compostela_spain,19bccf58caeb859c7290d9d56c0306b2,Spain,Santiago De Compostela,-8.614,42.829,-8.473,42.935
porto_portugal,2105453c26b7bfd5503f1ee6dd622cef,Portugal,Porto,-8.795,40.981,-8.358,41.399
perpignan_france,70bb3f554913c3d6ac2253a079f6edac,France,Perpignan,2.826,42.649,2.983,42.749
matera_italy,51b88fc1baec0434f2c5a0aa1d38751d,Italy,Matera,16.412,40.567,16.731,40.766
tirana_albania,729be5fb8b1a38c734007438303e0220,Albania,Tirana,19.755,41.29,19.885,41.364
gijon_spain,fdef97f387d0ff308db8e7ffe1a16ca6,Spain,Gijon,-6.481,43.054,-4.987,43.8
asti_italy,51fbc5bc4e52c976c7dc4a24088346ab,Italy,Asti,8.087,44.841,8.318,44.996
cagliari_italy,8bcf69a83b874b9c5e4bdbec1e248f5b,Italy,Cagliari,8.908,39.13,9.421,39.321
san-sebastian_spain,52eced961021cae7c8c7b7927e69fdbb,Spain,San Sebastian,-2.087,43.218,-1.888,43.338
coimbra_portugal,c30e1be723a599f0a475efbb9b25b188,Portugal,Coimbra,-8.488,40.155,-8.363,40.263
venice_italy,74ce9d79a80377aac26b52c10bf71769,Italy,Venice,11.629,45.123,12.735,45.811
florence_italy,bcea9294f4f7cede4e23744c26029823,Italy,Florence,10.982,43.601,11.504,43.983
seville_spain,4685c7f2001bcf07b4be9e75c9c6e713,Spain,Seville,-6.05,37.32,-5.869,37.46
madrid_spain,a1bd48d2264241f57adbe527d7af16cd,Spain,Madrid,-4.293,39.8,-3.057,41.03
lisbon_portugal,45a0c7ee3f754a00ea449697a1f1c02b,Portugal,Lisbon,-9.634,38.358,-8.458,39.15
santander_spain,422089949f98cddbf9d9fcca2e982c20,Spain,Santander,-3.886,43.383,-3.737,43.5
valencia_spain,d1caf60352a91af489ab3b64263622bd,Spain,Valencia,-0.436,39.42,-0.285,39.504
murcia_spain,c2fcda5bdbcc3d41744a1c88a20d752f,Spain,Murcia,-1.208,37.959,-1.073,38.021
palermo_italy,d5d8c66d32ced6a189a8bce8be1b2987,Italy,Palermo,12.912,37.771,13.845,38.295
lucca_italy,380c71191e24f45e19174cf7dbfd451f,Italy,Lucca,10.361,43.757,10.575,43.961
trento_italy,6aaead062af16b35ddcf6178f19e9184,Italy,Trento,11.022,45.977,11.196,46.155
cadiz_spain,59e8fd3f7c5fd3378d4d2cdffa1e2655,Spain,Cadiz,-6.4,36.35,-6,36.8
rome_italy,dc8d316217abf2c59fd009621047141b,Italy,Rome,12.109,41.578,12.845,42.13
bologna_italy,e0bff70cd03f7c6f4b32d6450e6354d2,Italy,Bologna,10.998,44.337,11.817,44.668
naples_italy,fedb69a95f393cbc1bcda15f602d114e,Italy,Naples,14.139,40.792,14.354,40.916
donostia-san-sebastian_spain,6bd4679cc866bc147d6bf922862b6024,Spain,Donostia San Sebastian,-2.062,43.275,-1.888,43.352
genoa_italy,ac5ba314b9b258addb02490513e42a0e,Italy,Genoa,8.444,44.291,9.114,44.561
chandigarh_india,84cc89f932f124177a90f72e1ab6d3a3,India,Chandigarh,76.612,30.613,76.905,30.808
dhaka_bangladesh,cab84e3fa13319dd1b61f3ac314f0d6d,Bangladesh,Dhaka,89.998,23.435,90.838,24.006
hualien_taiwan,08d03ce293d0808861c0dd55d5f9d1f1,Taiwan,Hualien,121.425,23.805,121.737,24.19
guangzhou_china,555d1e8641272c91d82f4b77b1b2da03,China,Guangzhou,112.181,22.533,114.972,23.981
kota-kinabalu_malaysia,fa97124dc96b2b9ed2ceb4e3af4d473b,Malaysia,Kota Kinabalu,115.979,5.878,116.175,6.066
davao-city_philippines,b1235ee3fc899ae4bbc1ac0fd4898c09,Philippines,Davao City,125.33,6.84,125.804,7.392
yokohama_japan,27c610e5db534e469bf5c06000196817,Japan,Yokohama,139.312,35.213,139.92,35.686
kobe_japan,e2813f21aebb6d1ff50b029cfc91fca6,Japan,Kobe,134.821,34.576,135.425,35.001
nanjing_china,29f5d8ecda544a8288008950665d95e5,China,Nanjing,118.357,31.23,119.237,32.611
shenyang_china,6e4c41a8b2533d31c68d03039f0e2e2f,China,Shenyang,123.241,41.685,123.604,41.924
shijiazhuang_china,883cb1f4b6f8a12a0a5774bfdd094516,China,Shijiazhuang,114.446,37.993,114.463,38.01
manado_indonesia,03175ab7813a31d750630ebf4fe52dbf,Indonesia,Manado,124.816,1.426,124.886,1.546
hsinchu_taiwan,75bf0e01e09c34ecde38b31f4c0f43ad,Taiwan,Hsinchu,120.889,24.75,121.05,24.862
karachi_pakistan,de03624f746b5ed301c2b09f16a3bcb5,Pakistan,Karachi,66.401,23.958,68.576,25.593
luoyang_china,6401fdfdab24820f07a1f6a67ab2b9b0,China,Luoyang,112.282,34.539,112.611,34.761
ulyanovsk_russia,bf67a1dbce43b9f187a851300a7dbc59,Russia,Ulyanovsk,47.521,53.78,49.886,54.679
dushanbe_tajikistan,86dcd0e64f77ac2e2ecc7db3f7c618b8,Tajikistan,Dushanbe,68.244,38.244,69.134,38.829
tyumen_russia,bc932d7dd9d2dc0138e056f601627890,Russia,Tyumen,65.308,56.995,65.816,57.28
ho-chi-minh-city_vietnam,afbb24a9c09690d3a9a7c7bbd657517b,Vietnam,Ho Chi Minh City,106.458,10.611,106.949,11.021
vijayawada_india,03a021fa61ce21aaefefb27acece9c94,India,Vijayawada,80.321,16.173,80.831,16.642
triuchirappalli_india,407417d3e4a4a86a1cf4672707f104a0,India,Triuchirappalli,78.338,10.611,79.036,10.999
harbin_china,a416a34414fac5b9ec9bc6740a313711,China,Harbin,125.688,44.062,130.24,46.05
chiang-mai_thailand,fb2c35ad8d5fe0221ce030d111c09810,Thailand,Chiang Mai,98.6,18.364,99.358,19.06
beijing_china,bbb606d4d3899295e0251144b0d22219,China,Beijing,115.686,39.414,117.119,40.426
cagayan-de-oro_philippines,63db3463d5963af21302d2132d647588,Philippines,Cagayan De Oro,124.497,8.399,124.84,8.629
samara-tolyatti_russia,85db6cd80c80772286a319e2b6f44373,Russia,Samara Tolyatti,48.5,52.4,51.918,54.037
penang_malaysia,7ed3373d178633f142d39f5f32903413,Malaysia,Penang,100.017,5.198,100.534,5.515
almaty_kazakhstan,b01e22a24232a634b967a8a1303457b9,Kazakhstan,Almaty,76.575,43.057,77.223,43.549
shangrao_china,2500255464a901d89756430d0f53a88c,China,Shangrao,117.82,28.347,118.082,28.553
pune_india,ea05837e5ae6311b2d539b3077e2e4ac,India,Pune,73.603,18.337,74.072,18.771
pokhara_nepal,def48385fb1064a3ddd29d729ee59754,Nepal,Pokhara,83.749,28.077,84.143,28.466
ahmedabad_india,3b5d5d4aa92c78231c9e4eb2edf7b21a,India,Ahmedabad,72.364,22.855,72.787,23.201
perm_russia,11eec744d987b34275caed856e18e5a1,Russia,Perm,55.795,57.865,56.675,58.182
hiroshima_japan,7de86f5ce6dc9698803c5f49f7183044,Japan,Hiroshima,132.289,34.233,132.611,34.548
tokyo_japan,a741029cf625a9c138c7c019fdba0f31,Japan,Tokyo,138.779,34.867,141.152,36.558
chengdu_china,b5d7da328fdb1c70f5b7599d45e6b188,China,Chengdu,103.564,30.363,104.555,30.987
sihanoukville_cambodia,246d0326e2e892bd23447f67db7b962d,Cambodia,Sihanoukville,103.451,10.584,103.556,10.67
osaka_japan,84f7ad9d37389e7fbea9105e09dff594,Japan,Osaka,135.37,34.514,135.669,34.8
saint-petersburg_russia,755a15a0040a310d9d4eceffe8b29b06,Russia,Saint Petersburg,29.168,59.556,31.173,60.345
agra_india,40d894a3510a7b34595888a79496a4a1,India,Agra,77.886,27.106,78.151,27.259
bangkok_thailand,1f132ae0cc18f0b28274b08b1754b08b,Thailand,Bangkok,99.569,12.661,101.337,15.019
dharamshala_india,5a442804303b5641e9488df201154361,India,Dharamshala,76.123,31.97,76.701,32.3
nizhniy-novgorod_russia,bc59f4031c14e9dcaac186908738382f,Russia,Nizhniy Novgorod,43.718,56.193,44.135,56.4
koh-rong_cambodia,2b7ca4201901402a109608ab7e877b0c,Cambodia,Koh Rong,103.161,10.495,103.396,10.796
hue_vietnam,69e3d5ee85281559b4e74f153071ad9d,Vietnam,Hue,107.456,16.366,107.743,16.592
krasnodar_russia,1c584c2e5f37fcdeed504353f058f0d3,Russia,Krasnodar,38.847,44.968,39.226,45.203
taipei_taiwan,e44274d9f9d6b1cd90955e9386657014,Taiwan,Taipei,121.346,24.926,121.676,25.209
jaipur_india,0ed758c1a3a1a4744d26eeecd5454384,India,Jaipur,75.669,26.756,75.921,27.043
coimbatore_india,b87974cc52d20b6414d6432b7b4859d9,India,Coimbatore,76.8,10.91,77.045,11.16
okinawa_japan,6047f619502a056b75f1a6584ed033c9,Japan,Okinawa,126.59,26.012,128.576,27.115
kochi_india,8ebfbbc8c74e3581ec4a31577e9e7dc6,India,Kochi,76.17,9.785,76.389,10.091
hanoi_vietnam,75238d61e6a3c3d84ae07c0e5b600285,Vietnam,Hanoi,105.742,20.945,105.911,21.098
mysore_india,2062dd1e1e5bf75cca9496e0862ae8a2,India,Mysore,76.547,12.25,76.712,12.387
nha-trang_vietnam,cc44280148b8faa46f3f438b91c1d41e,Vietnam,Nha Trang,109.144,12.193,109.218,12.29
busan_south-korea,09560e54ba01f068758258e6df7d5d67,South Korea,Busan,128.247,34.956,129.448,35.474
bengaluru_india,f2cce9b0b1f1097da875f5150041321c,India,Bengaluru,77.35,12.75,77.85,13.23
samarkand_uzbekistan,c3764684b9e56ecffa094cbb685194d7,Uzbekistan,Samarkand,66.339,39.23,67.844,40.067
nara_japan,ca6020d006b8e2f063234376faa62589,Japan,Nara,135.64,34.488,136.11,34.831
hangzhou_china,116dbf43cf3ac4bc26d9fbf01c164a5e,China,Hangzhou,120.1,30.23,120.185,30.296
indore_india,9186135685ca180f4229a6e6f2ddae49,India,Indore,75.761,22.617,75.969,22.807
chelyabinsk_russia,b9b2d95bc6cde5b1289ec975d0713a51,Russia,Chelyabinsk,60.714,54.886,62.07,55.438
new-delhi_india,7dcbfcc640ba8f355f74e929ee47dfbd,India,New Delhi,76.692,28.183,77.733,28.969
nadym_russia,28bb691ccc82440a39c49cb0aee1ef3f,Russia,Nadym,72.431,65.514,72.634,65.567
kenting_taiwan,5bd3eb4c5790d66eb635b2f4c9e6de15,Taiwan,Kenting,120.761,21.923,120.838,21.968
lahore_pakistan,fef1baf8bcfd63b4703d2f5ac816cd17,Pakistan,Lahore,73.381,30.796,75.425,32.201
phuket_thailand,0b7198482cb514d0b4dbd991888705b9,Thailand,Phuket,98.254,7.727,98.489,8.207
kathmandu_nepal,fbe882972c450939f1d8ed62801e2a9b,Nepal,Kathmandu,85.019,27.437,85.678,27.938
batticaloa_sri-lanka,ee7bd3942fc3c1fff1268f0bd441f4a8,Sri Lanka,Batticaloa,81.344,7.226,81.981,7.994
tainan_taiwan,e3c6116e6c8cd7ff047ba3056a413a96,Taiwan,Tainan,119.998,22.829,120.421,23.201
kolkata_india,09767839c2b617bc8a6eec778d9672a8,India,Kolkata,87.751,22.117,89.119,23.106
hong-kong_china,39ca3c0494435304c64915b45d597df0,China,Hong Kong,112.78,21.591,115.125,23.488
shanghai_china,6446843f76245cfa102bccb5293484dc,China,Shanghai,118.887,29.477,123.787,32.472
dongguan_china,65dae56836710301bf5b62eb3ea23aef,China,Dongguan,113.554,22.921,113.958,23.175
nazareth_israel,4b009d342db7e8f960401dd61ce14f8b,Israel,Nazareth,35.077,32.502,35.497,32.895
phi-phi_thailand,734dcb43c875d3e56593e5a10bbc5703,Thailand,Phi Phi,98.739,7.663,98.813,7.794
north-kyushu_japan,b5fe7c911634a47b4285c9f5c89ee4fb,Japan,North Kyushu,129.272,32.612,132.054,33.909
taichung_taiwan,aae7aed47178b91ff67fb553db1a7d05,Taiwan,Taichung,120.479,24.041,120.858,24.365
moscow_russia,277d8ef7528fd3ac942d2babed85c87e,Russia,Moscow,36.8,55.123,38.43,56.2
otres-beach_cambodia,af0396a780c54cea771e71340c50a849,Cambodia,Otres Beach,103.538,10.539,103.567,10.583
siem-reap_cambodia,76003bef903699076990b833b3d76184,Cambodia,Siem Reap,103.543,12.932,104.479,13.735
chongqing_china,d9b3be50ea6476ca675ed9982274abb0,China,Chongqing,105.283,28.167,110.183,32.217
kaohsiung_taiwan,85c7b13f8d1075a185c87bb482e397ec,Taiwan,Kaohsiung,120.026,22.47,120.646,22.823
galle_sri-lanka,e21801ff92d51409f37cc9aa15ef5c7a,Sri Lanka,Galle,80.162,6.003,80.264,6.094
ulaanbaatar_mongolia,cf1210b57aac2065027750b7000bf65d,Mongolia,Ulaanbaatar,106.344,47.696,107.43,48.285
chiayi_taiwan,ff3846bcae9c10a9cc18b48ce6aeb9e9,Taiwan,Chiayi,120.374,23.449,120.502,23.519
phu-quoc_vietnam,b7475d49571b5693fbb89b37a3102555,Vietnam,Phu Quoc,103.741,9.772,104.18,10.491
wuhan_china,6c9ed6f9709bf99946330e52ba00e482,China,Wuhan,113.745,30.079,114.798,30.903
manila_philippines,91e9d95f8fe0d2e0f9eeb56e6417fe2c,Philippines,Manila,120.885,14.327,121.2,14.9
astana_kazakhstan,6b87c7e6e63ff0cce8f7d7a3d0aa3c24,Kazakhstan,Astana,71.212,51.003,71.74,51.29
hyderabad_india,18baea2e35e9844ad35be3f6ccfc015a,India,Hyderabad,78.216,17.191,78.727,17.63
nanchang_china,9d58dc7cef1bac4ef12d5cdba80a7343,China,Nanchang,115.598,28.382,116.246,28.975
ankara_turkey,89927e4fb837b2e8bf52dd30b7fa261a,Turkey,Ankara,32.105,39.439,33.509,40.372
ningbo_china,6698b902f35ceca7398f8e9c053ea2d2,China,Ningbo,120.917,29.036,122.257,30.369
jeju_south-korea,af779eaea595c056c7a7566c565f63a8,South Korea,Jeju,126.127,33.107,126.987,33.578
kep_cambodia,5b08d2dc0b12513a2dc89e08f0dbf8dd,Cambodia,Kep,104.266,10.46,104.334,10.509
sochi_russia,c065eef37a2416c830ccb601ce23f955,Russia,Sochi,39.548,43.314,40.178,43.713
bishkek_kyrgyzstan,dccea4d9383d14399350b23d8115e118,Kyrgyzstan,Bishkek,74.425,42.689,74.762,42.986
surat_india,0d3fda856f45abbf3b551bd8d5eb6536,India,Surat,72.695,21.075,73.01,21.307
phnom-penh_cambodia,b6eab4c17972fa2013be2902e19a74cf,Cambodia,Phnom Penh,104.712,11.422,105.056,11.737
tianjin_china,7971c7cecd2ca50ff444d99a27f574ef,China,Tianjin,116.528,38.378,118.531,39.779
bharatpur_nepal,a8658bc9dff5132fadf808c6870aa72b,Nepal,Bharatpur,84.388,27.64,84.468,27.72
cebu_philippines,9fe18a15600696228fe5c7e4886e827f,Philippines,Cebu,123.268,9.388,124.206,11.373
kuala-lumpur_malaysia,ea00e4dc8c8cbffd9936105d856ad73c,Malaysia,Kuala Lumpur,101.425,2.776,101.994,3.407
koh-samui_thailand,d749a5d20175a898cf6119c6c6e401a2,Thailand,Koh Samui,99.904,9.403,100.103,9.604
rangoon_myanmar,19b13905c2615e8f0549c1e2826e481e,Myanmar,Rangoon,95.257,16.233,97.337,17.729
sapporo_japan,3a8e6d98ac13a91be7e37d40051abc1d,Japan,Sapporo,140.488,42.651,141.921,43.302
seoul_south-korea,d853790d3d6613e4ff4159ce435e7b7f,South Korea,Seoul,126.064,37.019,127.525,37.98
Hoi-an_vietnam,d016d67605037594f8a4c95a2acf3fb5,Vietnam,Hoi An,108.277,15.856,108.407,15.921
matara_sri-lanka,389de82c91816220e0f30d172f49fb9e,Sri Lanka,Matara,80.497,5.924,80.576,5.983
osaka-kyoto_japan,57fc1c0acb56bf546049f94eda295938,Japan,Osaka Kyoto,135.057,34.355,136.015,35.194
kyoto_japan,e283988c10c82e8db6af3ba628c01908,Japan,Kyoto,135.599,34.887,135.879,35.203
taoyuan_taiwan,3fcbee9d6d356e0cebb7f54816b6fba9,Taiwan,Taoyuan,121.078,24.832,121.412,25.126
da-nang_vietnam,4f84a9517a147dc375f2d2a4cf3a68ea,Vietnam,Da Nang,108.057,15.948,108.413,16.186
keelung_taiwan,2d1f1d4d360a113fb8feebfc91ff8429,Taiwan,Keelung,121.664,25.066,121.832,25.219
pyongyang_north-korea,5e78853ddc58c913bc8fdce12a7a7732,North Korea,Pyongyang,125.412,38.855,126.142,39.254
pattaya_thailand,2ddea8de48d28bae6885ce0559239897,Thailand,Pattaya,100.831,12.782,100.991,13.027
colombo_sri-lanka,d68bc891a9152411237a9eb544c63b06,Sri Lanka,Colombo,79.756,6.737,80.385,7.236
nagoya_japan,16af0d12d3f0bc07ba1e6a137c5d74f7,Japan,Nagoya,136.506,34.825,137.275,35.472
mandalay_myanmar,881c67e2d6782054d53bceeff78109be,Myanmar,Mandalay,96.048,21.871,96.15,22.034
islamabad_pakistan,30207e5310a391753898dc8320a481d6,Pakistan,Islamabad,72.286,33.092,73.822,34.347
pondicherry_india,4d86b7d13c3b350ae8b4f6e6fc3cbdf5,India,Pondicherry,79.788,11.898,79.845,11.97
vientiane_laos,33ef3576ea7fe176f1953901ec191945,Laos,Vientiane,102.489,17.87,102.706,18.066
kampot_cambodia,59766f79cd2e1b62976b70bdc0ac46ff,Cambodia,Kampot,104.157,10.593,104.201,10.634
chennai_india,543ee77940485b5db24a3721518ede53,India,Chennai,79.9,12.7,80.4,13.3
mumbai_india,e77cd21953896172b6e1e08111b460bc,India,Mumbai,72.415,18.466,73.516,19.5
krasnojarsk_russia,90d7d3a387950c6879b6d9ddc05b44b0,Russia,Krasnojarsk,92.143,55.786,94.299,56.442
shenzhen_china,33ccfa080da98ef1a6aad9f2fe8331a2,China,Shenzhen,113.755,22.422,114.681,22.808
fukuoka_japan,7e7715d9d6cc88478e732a9ca8dd5eb9,Japan,Fukuoka,130.056,33.475,130.644,33.764
sendai_japan,290cdb8b27883e66776a8f9ab1b94795,Japan,Sendai,140.416,38.033,141.156,38.527
dessau-rosslau_germany,87cda78ed22577649f849f53bd05fa0e,Germany,Dessau Rosslau,12.128,51.782,12.364,51.883
flensburg_germany,0fa31b93b5649b6d08b08d8251776191,Germany,Flensburg,9.261,54.697,9.578,54.841
kassel_germany,4c20b263fef3b05bf0d058a47c19457f,Germany,Kassel,9.349,51.26,9.57,51.369
leicester_england,6b205667ae3ded9fb902151fb50a55e2,England,Leicester,-1.216,52.581,-1.046,52.692
coburg_germany,5c96b8fa402f9d446895fc64fe6b50fe,Germany,Coburg,10.886,50.221,11.063,50.299
cambridge_england,f7b545c24c958c1af6850f9d86158bb3,England,Cambridge,0.059,52.175,0.168,52.243
birmingham_england,70450af1b72043b47dc2f9b33aee1de7,England,Birmingham,-2.536,52.214,-1.267,52.794
nancy_france,3caf445f6c95ef98224038c38fd1c5a9,France,Nancy,6.097,48.633,6.31,48.753
munich_germany,b5340d2094b490346819690cfc4047ca,Germany,Munich,11.359,48.061,11.723,48.248
passau_germany,b7b92e473573a76e1336074c335dea66,Germany,Passau,13.301,48.54,13.514,48.613
montbrison_france,baa2e55943017a5ebab9a2701b8eb6a2,France,Montbrison,4.042,45.591,4.088,45.627
jena_germany,9db441e307f3244e8b667926d58326b4,Germany,Jena,11.499,50.856,11.673,50.988
zwickau_germany,437dae5dccc1992b3718577222f28651,Germany,Zwickau,12.408,50.641,12.567,50.813
rennes_france,92f22f9fb1bc48c8ac5d779a89cde845,France,Rennes,-1.973,47.92,-1.469,48.301
edinburgh_scotland,f3d1afe9779fc19215f5ccec2cef5d7a,Scotland,Edinburgh,-3.585,55.783,-2.835,56.132
utrecht_netherlands,d4b27ad6dafb74785d23be300d41dd27,Netherlands,Utrecht,4.933,52.001,5.303,52.184
slough_england,8a317dcd4b4cfae1b7dc0b2fa7259039,England,Slough,-0.674,51.481,-0.514,51.544
nantes_france,ae600557dddea158f0a98f1d756df3da,France,Nantes,-1.866,47.035,-1.191,47.407
gelnhausen_germany,ca8579016364008c0d00fbf1f5f98fe8,Germany,Gelnhausen,9.112,50.162,9.272,50.249
saint-jean-bonnefonds_france,e170432782812f888e2b350f396f1cef,France,Saint Jean Bonnefonds,4.41,45.43,4.504,45.484
montpellier_france,686089445d9c8462de679d2247230790,France,Montpellier,3.381,43.241,4.488,43.91
monaco_france,7694954f9ef6dcf48df44f21273d2581,France,Monaco,7.349,43.71,7.491,43.77
bordeaux_france,8c69ce8411fa087cbe5b70fefb05ee53,France,Bordeaux,-0.9,44.569,-0.162,45.065
stuttgart_germany,0a501258fe09baf93148754d45e74497,Germany,Stuttgart,9.037,48.691,9.316,48.866
colchester_england,cd0228e7bcda0eb30da496c2c19afb7a,England,Colchester,0.609,51.743,1.188,52.031
gruissan_france,d1da0b4e218d9d5a2d5913e7d8aee81c,France,Gruissan,3.023,43.05,3.152,43.149
amsterdam_netherlands,d5a85ebf352c2c8f52392649fde4d254,Netherlands,Amsterdam,4.465,52.163,5.347,52.629
grenoble_france,f6e1f7d7b48f0d6dce61658fdccf7313,France,Grenoble,5.573,45.113,5.903,45.244
dortmund_germany,1b45d5a0702a9c6b32f135021c81856f,Germany,Dortmund,7.294,51.378,7.646,51.627
bonn_germany,dc07edd6d707db3a222625766fc0765d,Germany,Bonn,6.904,50.654,7.331,50.833
derry_ireland,f4e1c24ef9ac553fa3d055c3b792694b,Ireland,Derry,-7.361,54.975,-7.271,55.043
ulm_germany,c0e4279fc9b2438383ed318d9e5bcf88,Germany,Ulm,9.841,48.306,10.043,48.468
winterthur_switzerland,dbcf8e515e4f79be2b2c01962e8f3818,Switzerland,Winterthur,8.672,47.475,8.797,47.535
berlin_germany,57832b70b2b7a234ee0186295f64908b,Germany,Berlin,12.26,51.849,14.699,52.994
essen_germany,957a635d24df8b1e19031fb8e75a2edc,Germany,Essen,6.894,51.347,7.138,51.534
maastricht_netherlands,f87e6ba96fe62ec7086cb234fba3d4f1,Netherlands,Maastricht,5.631,50.789,5.773,50.914
geneva_switzerland,b72faf88926c655cc40ec73ed0f79acd,Switzerland,Geneva,5.953,46.13,6.317,46.294
wurzburg_germany,14da7ab1694b6fc74f29bc1d2af60bb2,Germany,Würzburg,9.87,49.709,10.015,49.845
metz_france,53c23dc726e749a04c42c96dbe2be8c6,France,Metz,6.056,49.053,6.349,49.159
strasbourg_france,c65f08b2ffbd15da541cdf68f3a08339,France,Strasbourg,7.449,48.371,8.078,48.722
rotterdam_netherlands,1517940054b845717199917f9f7a8d49,Netherlands,Rotterdam,3.911,51.737,4.784,52.109
lyon_france,d9fc93ad0e19ee5591a13ba3740bbb63,France,Lyon,4.136,45.305,5.517,46.191
bremen_germany,697b5bca719abba68fb14ec39af8a593,Germany,Bremen,8.38,52.893,9.259,53.632
angers_france,9961df7b34bc7a8b48d2ba1bde34bac4,France,Angers,-0.805,47.319,-0.347,47.65
leeds_england,6d7e87ecc015a8a780c325978c25eabc,England,Leeds,-1.717,53.697,-1.33,53.921
freiburg_germany,1b6e3875b0f1e9e20a7a9e5c080e54c5,Germany,Freiburg,7.661,47.902,7.931,48.071
nice_france,4058e1f10040136cf854f7d394ec7ce2,France,Nice,7.182,43.636,7.311,43.756
limerick_ireland,03f3d9d3222bce7411856aa8e0b62c78,Ireland,Limerick,-8.68,52.613,-8.517,52.694
konstanz_germany,bb38e33f5c0e7a974f9f2bb9b42e9ce8,Germany,Konstanz,9.084,47.653,9.218,47.762
cologne_germany,4a16ac1dc55d905f3b353be492ca39d2,Germany,Cologne,6.844,50.876,7.105,51.009
turin_italy,100792015ef8f371db0c25b2cf056b21,Italy,Turin,7.504,44.943,7.887,45.174
grand-avignon_france,88160c1c8b59658c4be25ba3ce841485,France,Grand Avignon,4.596,43.792,5.091,44.1
lausanne_switzerland,81708bdcf0041e49be033c3110ebf0da,Switzerland,Lausanne,6.479,46.478,6.758,46.587
frome_england,0750e51c5f4f3267c6f5b04993e2f5ad,England,Frome,-2.359,51.214,-2.289,51.25
bamberg_germany,a90d8334538949af2736f8d23c7ed543,Germany,Bamberg,10.826,49.842,10.961,49.928
tours_france,d5ecc3b4b0fd66b4570913195e109731,France,Tours,0.452,47.308,0.784,47.476
waterford_ireland,e135831baac66c7bc6c4def419c2304a,Ireland,Waterford,-7.187,52.21,-7.033,52.28
gera_germany,b8e92fb2da6463c7be403c81259905f0,Germany,Gera,11.998,50.799,12.17,50.977
manchester_england,88b679b31e0a10cc54764be8de474ef9,England,Manchester,-2.588,53.237,-1.877,53.672
antwerp_belgium,c5c8d2af4c29f3c5ea1f84191d2fce3a,Belgium,Antwerp,4.192,51.124,4.52,51.385
reading_england,32e8c50fdbfb5bf0bd6f1582b773a074,England,Reading,-1.086,51.404,-0.901,51.505
beauvais_france,8869928c1617ac7c5579d21efc9bb36c,France,Beauvais,2.014,49.399,2.173,49.47
fulda_germany,e365677666a59c0e1091b6b7ff678185,Germany,Fulda,9.565,50.499,9.732,50.629
bochum_germany,256ad2f5bb3100b760071075696ef2d9,Germany,Bochum,7.168,51.448,7.276,51.506
poitiers_france,1c879a6aff8a82e060cb14758b0356a1,France,Poitiers,0.21,46.522,0.504,46.691
basel_switzerland,24e10917e1259dfd08bc02cea41f2d67,Switzerland,Basel,7.462,47.436,7.866,47.672
karlsruhe_germany,aa4863bb0c31d2c888b22115900d5801,Germany,Karlsruhe,7.893,48.73,8.816,49.246
saint-etienne_france,98b505caa823349d81f7d20c0e7975a7,France,Saint Etienne,4.329,45.407,4.463,45.462
the-hague_netherlands,d9aac5151276498a6acb360f20352fdd,Netherlands,The Hague,4.183,52.006,4.427,52.136
dresden_germany,522895803cf9557f06d329a353c8ac93,Germany,Dresden,13.586,50.978,13.972,51.18
chemnitz_germany,cd36c54018acdd558654ba30df1cc013,Germany,Chemnitz,12.732,50.743,13.053,50.904
newcastle_england,d384523372bd3df6c2b3042b0fdc8987,England,Newcastle,-2.027,54.744,-1.261,55.163
duisburg_germany,9baa9a9e94833a79c2a1e8de099baf6e,Germany,Duisburg,6.626,51.333,6.83,51.56
avignon_france,93da84093e61f7eb2719a991094cd1d2,France,Avignon,4.738,43.886,4.927,43.996
cork_ireland,239a64e0c36ba72874f51ff64d044a68,Ireland,Cork,-8.547,51.828,-8.385,51.935
annecy_france,e036a7b9542b2738f884ebe0c1f62624,France,Annecy,5.998,45.765,6.298,46.026
verona_italy,d1bab6e6898e899fb7941db13b05fab0,Italy,Verona,10.864,45.356,11.112,45.502
toulouse_france,183f23b9c2a7bb2c39919f9eb03c5a3c,France,Toulouse,1.062,43.327,1.779,43.838
augsburg_germany,842d86886407ae18ba6732530c03b162,Germany,Augsburg,10.763,48.257,10.96,48.458
heilbronn_germany,5d54e94f16854a8614bca686f48a7b12,Germany,Heilbronn,9.043,49.092,9.302,49.21
plauen_germany,67447be0611e319a7b749a2023e92264,Germany,Plauen,12.059,50.43,12.226,50.574
marburg_germany,7c02fa8a3b643084ab3a9a65ed8eca75,Germany,Marburg,8.599,50.732,8.863,50.884
regensburg_germany,55a1d39c47d50fa38c4ffb474a5bf8d7,Germany,Regensburg,12.028,48.966,12.192,49.076
copenhagen_denmark,2297aba14376a5127f1b4d7cb8544b59,Denmark,Copenhagen,11.894,55.491,13.147,55.95
galway_ireland,180387d52848fe2024d0617c39c077b6,Ireland,Galway,-9.138,53.252,-8.934,53.306
munster_germany,57f8fc30f772b88101cbe3d8bb80a8a6,Germany,Münster,7.473,51.84,7.774,52.06
brighton_england,57fecaae8d723197042b9c6eca2da189,England,Brighton,-0.251,50.775,-0.047,50.883
cuneo_italy,0b3d75f7758ade0abaa4886807b09f07,Italy,Cuneo,7.398,44.308,7.718,44.53
erfurt_germany,18e9490f1fb10b47f969f0e551baee57,Germany,Erfurt,10.854,50.89,11.174,51.08
glasgow_scotland,39d49179d2babc3caa23423eef4a5542,Scotland,Glasgow,-4.613,55.668,-3.935,56.034
derby_england,07e1401b36c699d1dfb2e74423433643,England,Derby,-1.557,52.861,-1.383,52.968
bern_switzerland,b683e3504494ff0d525ef38236f7ecf8,Switzerland,Bern,7.33,46.885,7.561,47.023
hof_germany,89f006745f263099c75aef4a838a7a47,Germany,Hof,11.806,50.267,11.972,50.355
dijon_france,a03d49dad534d4a21b76042b6a7208a9,France,Dijon,4.974,47.256,5.114,47.364
odense_denmark,22fb5c71a88446b28cbf76ba3ebf621a,Denmark,Odense,9.753,54.931,10.875,55.691
giessen_germany,dd4eed8dad5d7262fd4cd4c3b4df5ea6,Germany,Giessen,8.555,50.526,8.764,50.635
southampton_england,54b59ae2b3d329ae8a6dc880e60d7fea,England,Southampton,-1.479,50.877,-1.322,50.956
leipzig_germany,7d1b3807d210f30d49d8cf322fb2d046,Germany,Leipzig,12.179,51.227,12.6,51.459
ingolstadt_germany,abaf90c0ae22226e00279c35feaa8257,Germany,Ingolstadt,11.254,48.683,11.504,48.822
rouen_france,713050b53854c107aef9fdc11f19551b,France,Rouen,1.025,49.365,1.258,49.494
cheshire_england,4176145e28c1c6b0dd5ab5d4a1d92aa0,England,Cheshire,-3.204,52.925,-1.912,53.396
la-rochelle_france,4f8e076ece7c763407a0b3ece78196b7,France,La Rochelle,-1.282,46.122,-1.067,46.206
paris_france,afe1d96635ebeb2b695514b9ecbe374c,France,Paris,1.851,48.531,2.911,49.178
hanover_germany,efcd32696a0cb482195582a98bd885ea,Germany,Hanover,9.604,52.305,9.919,52.454
zurich_switzerland,ed60b6abad4dd6f0c03292caa3dff579,Switzerland,Zurich,8.275,47.225,8.8,47.533
brussels_belgium,6ca91325dfae2b814409ee57bd836261,Belgium,Brussels,3.981,50.645,4.761,51.053
clermont-ferrand_france,06cbc95327b1eb63a002e37f6050c8ee,France,Clermont Ferrand,3.021,45.72,3.22,45.82
deggendorf_germany,d54bde9429755f2efde84f596e763493,Germany,Deggendorf,12.873,48.786,13.074,48.908
lille_france,c32f0b9b7a75493a29838065e398a5eb,France,Lille,2.823,50.469,3.389,50.8
liverpool_england,f89278f6ba9277c11ede65b18e453bbd,England,Liverpool,-3.201,53.283,-2.74,53.514
duesseldorf_germany,a58fab928ad0090e15c4a7da5b1c44d2,Germany,Duesseldorf,6.622,51.116,7.009,51.361
marseille_france,b1071ddacd724a68d28a91333dc67263,France,Marseille,4.905,43.038,5.776,43.554
wiesbaden_germany,5c72818ba951843724e69f7c851243e6,Germany,Wiesbaden,8.11,49.993,8.386,50.152
belfast_ireland,62bf8f02e25c935f7fc6b8d3429d789b,Ireland,Belfast,-6.046,54.532,-5.816,54.663
nuremberg_germany,ade68891ac43630ba4e2d08cacbc048a,Germany,Nuremberg,10.987,49.33,11.283,49.541
bruges_belgium,628c8a3bcee84690d2bf3e1b30c2eec0,Belgium,Bruges,3.107,51.148,3.337,51.374
frankfurt_germany,06034c7b3c4afbf23523f3778b377544,Germany,Frankfurt,8.471,50.014,8.8,50.227
nottingham_england,8d5427b401eaced41a28e03093987075,England,Nottingham,-1.3,52.877,-1.07,53.024
bielefeld_germany,357a0874ec1acb863bca6f39b407bda1,Germany,Bielefeld,8.377,51.915,8.663,52.114
darmstadt_germany,2706a6053b37637f1ae7beca01a0e36f,Germany,Darmstadt,8.559,49.795,8.75,49.954
hamburg_germany,063e98ea79fe63261e00112fea735d97,Germany,Hamburg,9.376,53.159,10.678,53.833
sheffield_england,fc0f7255e0a3243aea7c1faff1dd1271,England,Sheffield,-1.801,53.305,-1.325,53.503
oxford_england,c64a1a4a1e5cb69f6521bf3b2ce28a2b,England,Oxford,-1.403,51.698,-1.143,51.828
cardiff-newport-bristol-bath_england,24266db8cff9c7cc8ac046206a53ab0e,England,Cardiff Newport Bristol Bath,-3.618,51.236,-2.189,51.73
mainz_germany,c91568bbf06edfa950c1c208e29d73a2,Germany,Mainz,8.11,49.895,8.343,50.035
london_england,b0f10159e3611a320183ce36582eed5c,England,London,-1.115,50.941,0.895,51.984
dublin_ireland,789597a7b9de60d3fbe4db631c5e1ca3,Ireland,Dublin,-6.569,53.178,-6.023,53.512
papeete_french-polynesia,ddaee26c9abb6181894076c87578e642,French Polynesia,Papeete,-149.635,-17.888,-149.114,-17.485
perth_australia,1c5e60f8d41a410bb891da5b0731d617,Australia,Perth,115.439,-32.499,116.208,-31.705
auckland_new-zealand,972e5ad73d152a85e509d95ea2f81af5,New Zealand,Auckland,174.223,-37.348,175.314,-36.41
wellington_new-zealand,58944777b0d7ca4db5360b61e006e889,New Zealand,Wellington,174.612,-41.614,176.333,-40.659
adelaide_australia,6d37b52036ad52ecaf4072c17a91fd84,Australia,Adelaide,138.417,-35.261,138.854,-34.57
bogor_indonesia,570cce7cb0d6bf0bbaf24b0727077acf,Indonesia,Bogor,106.705,-6.683,106.886,-6.456
sydney_australia,c5266d49635e309d44f54d9348e13b38,Australia,Sydney,150.628,-34.189,151.647,-33.637
gold-coast_australia,97cc7bae3c9c74f2aff74095f592cf7f,Australia,Gold Coast,153.13,-28.2,153.583,-27.722
brisbane_australia,ddeca3b8bf73a7909ccde69a8d81f6da,Australia,Brisbane,152.7,-27.723,153.349,-27
melbourne_australia,7fc3407ca174bec89d49650b910a8c03,Australia,Melbourne,144.266,-38.552,145.81,-37.365
townsville_australia,1d907b18055c02b1e21cd50826f8793c,Australia,Townsville,146.696,-19.344,146.851,-19.229
darwin_australia,2924434045eb931ea6694388015992e0,Australia,Darwin,130.804,-12.52,131.019,-12.317
bandung_indonesia,4e2e79b9bf170ddef18ee0f6fde48be3,Indonesia,Bandung,107.474,-7.007,107.745,-6.773
canberra_australia,991990c64a4d26c30a95c26dbbca7084,Australia,Canberra,148.564,-35.568,149.721,-34.906
cairns_australia,2108d2c0ad57e36944a96cb5d6df1ce8,Australia,Cairns,145.606,-17.131,145.838,-16.732
bali_indonesia,8962723a9dcbac89eb4ac287c765ecb2,Indonesia,Bali,113.055,-9.517,117.188,-6.995
jakarta_indonesia,6bea0a245f53a7448d1b260c71cae1cb,Indonesia,Jakarta,106.435,-6.615,107.16,-5.881
christchurch_new-zealand,0e366342e2970c224534b8052d96b79c,New Zealand,Christchurch,172.064,-43.68,172.846,-43.285
sunshine-coast_australia,7e13cad4a61eb843493639184b60a631,Australia,Sunshine Coast,152.835,-27.001,153.155,-26.35
kabul_afghanistan,7917c3e359df0b5f0e7a40175b6b6a2f,Afghanistan,Kabul,68.48,34.081,69.86,34.95
kirkuk_iraq,8264610687b2e7f82bae6c76a93687f4,Iraq,Kirkuk,44.284,35.379,44.495,35.524
baku_azerbaijan,3e1ac43bc25b5c86e006d525ae13be24,Azerbaijan,Baku,49.654,40.304,50.056,40.487
adana_turkey,c1c3ee1bbc5cd9328a202071d2c46bbf,Turkey,Adana,35.21,36.95,35.46,37.07
gaza_palestine,1d22833dd853533740230b0503a61d9b,Palestine,Gaza,34.253,31.356,34.667,31.667
jalawla_iraq,c409e45d4b11b11ce37461d6448d4328,Iraq,Jalawla,45.145,34.245,45.186,34.295
bursa_turkey,76890d6cd76b4ae0e7fb0bce58347490,Turkey,Bursa,28.8,40.16,29.23,40.31
tehran_iran,e8f3a75c468b09d39811609598ef5718,Iran,Tehran,50.87,35.383,51.648,35.917
mecca_saudi-arabia,feda56d550d313e053cb075e943faf63,Saudi Arabia,Mecca,39.688,21.279,40.005,21.59
baghdad_iraq,657ee2e704e7e9c1ca766610d8eaa35d,Iraq,Baghdad,43.786,32.967,44.862,33.715
damascus_syria,85e8555df2845c8385fcda5e714b1b4c,Syria,Damascus,35.841,33.112,36.73,33.805
tikrit_iraq,86bc8152262160f489e6dea402b5f086,Iraq,Tikrit,43.628,34.567,43.706,34.688
beer-sheba_israel,c301aeac8270b0104762ff3cc9d5bec1,Israel,Beer Sheba,34.738,31.184,34.87,31.299
jeddah_saudi-arabia,cd67467676cc9b7391be0b0806f8a217,Saudi Arabia,Jeddah,39.029,21.005,39.393,21.905
kayseri_turkey,9065b866833d6186f2ff1aaab864690d,Turkey,Kayseri,35.34,38.6,35.67,38.83
riyadh_saudi-arabia,7d4ccb647246e8816304212fe022c8cf,Saudi Arabia,Riyadh,46.227,24.292,47.202,25.098
dubai_abu-dhabi,e20aec60ac2326ceb4d5dc7570614f57,Abu Dhabi,Dubai,53.58,23.735,56.887,26.539
tel-aviv_israel,352746eef3f71506702a64f84f697429,Israel,Tel Aviv,34.642,31.929,35.052,32.246
ramadi_iraq,4734e346491bfa3771ce6dfe19e06897,Iraq,Ramadi,43.242,33.398,43.337,33.44
manama_bahrain,edc989d5d6c5d62ded468da9494534b8,Bahrain,Manama,50.386,25.542,50.828,26.292
beirut_lebanon,f8cc62b648399424c13d56cb0f71f4b5,Lebanon,Beirut,35.463,33.792,35.583,33.924
doha_qatar,065ca1616c47fd87b596b6b982b61686,Qatar,Doha,51.24,24.951,51.801,25.637
amman_jordan,01d25532012fda5de52439b987c3edfa,Jordan,Amman,35.715,31.668,36.25,32.171
mashhad_iran,5807b0a66ebcda19406ef3fadf457c97,Iran,Mashhad,59.451,36.213,59.692,36.398
tashkent_uzbekistan,6aa7f6ea118c6190e37675b4d31d5747,Uzbekistan,Tashkent,69.097,41.143,69.412,41.399
thuwal_saudi-arabia,24fb9838e09750dd45e3721ff53be1e9,Saudi Arabia,Thuwal,39.05,22.23,39.2,22.5
haditha_iraq,6fa27248e3ed3bda3bfc678961019c78,Iraq,Haditha,42.347,34.075,42.4,34.157
mosul_iraq,7339ac81c64fd1f07166b4c7d80adbb2,Iraq,Mosul,42.844,36.168,43.508,36.523
nicosia_cyprus,b09dc288d9cbd918d638dbce6c12bf86,Cyprus,Nicosia,33.228,35.065,33.49,35.215
izmir_turkey,6bdfcf38bef61a7564d86e26f79abf23,Turkey,Izmir,26.855,38.29,27.304,38.545
jerusalem_israel,0e7ce83d27d8dc862b81de4a3207091c,Israel,Jerusalem,35.072,31.712,35.341,31.866
as-suwayda_syria,3a29a7fd1ee4c0290e136c55fd413c2e,Syria,As Suwayda,36.21,32.198,37.611,33.321
hit_iraq,0af75cd8f3d3e8a05158d3129a295c55,Iraq,Hit,42.787,33.616,42.856,33.668
zhumar_iraq,2c1b31007d00a5d6c432d2c04fe94750,Iraq,Zhumar,42.592,36.646,42.619,36.674
fallujah_iraq,60a20ba6f80f87b7eeec78555dff18b7,Iraq,Fallujah,43.522,33.246,44.013,33.486
baji_iraq,45b7456af6e69776b69ce4e113d9920e,Iraq,Baji,43.46,34.894,43.52,34.959
yerevan_armenia,3a14e12412c5e083fa3778c062b24f5f,Armenia,Yerevan,43.907,39.693,45.276,40.617
sanaa_yemen,ae698f132548656260d42e5c12d06dd2,Yemen,Sanaa,43.938,15.152,44.462,15.534
valparaiso_chile,6651e118eed37ebf4741a24caf63ae5d,Chile,Valparaiso,-71.743,-33.178,-71.232,-32.894
brasilia_brazil,91ec186e52a8dceb2c8eec2cb5fd52e9,Brazil,Brasilia,-48.501,-16.317,-47.378,-15.36
oruro_bolivia,65632166b0af109a7a878902847d5261,Bolivia,Oruro,-67.219,-18.049,-67.004,-17.869
piura_peru,d17f84f10d10c58d606d88f629c51a10,Peru,Piura,-80.725,-5.266,-80.522,-5.125
talca_chile,bf4f9af69895954ae5e68e66d62e733a,Chile,Talca,-71.83,-35.572,-71.488,-35.334
salvador_brazil,1c5fc51cb37a91cbf2e2cae76977d827,Brazil,Salvador,-38.783,-13.28,-37.9,-12.492
medellin_colombia,958944b762d846678f0bb70937b4d7bc,Colombia,Medellin,-75.887,6.01,-75.277,6.497
la-paz_bolivia,bea631617090f5a65a95a04e6736c52e,Bolivia,La Paz,-68.335,-16.688,-67.993,-16.391
rancagua_chile,c65366056dd182402e3ac5a9d8b9173b,Chile,Rancagua,-70.87,-34.268,-70.494,-34.052
recife_brazil,142785b7ffabf77fa925c365b4d61c7e,Brazil,Recife,-35.008,-8.156,-33.865,-7.931
potosi_bolivia,72e92d3f552c33f65f1a4aa7381fd169,Bolivia,Potosi,-65.832,-19.636,-65.683,-19.527
bahia-blanca_argentina,31b58dbfc63fecb8de3991f7b23b076e,Argentina,Bahia Blanca,-62.652,-38.964,-61.845,-38.608
guayaquil_ecuador,4373764cfcce9f42f61ca12067bf4dc6,Ecuador,Guayaquil,-80.03,-2.301,-79.768,-2.018
cochabamba_bolivia,f1f2192feb426c8bdd280a30db204baf,Bolivia,Cochabamba,-66.75,-17.793,-65.674,-16.904
cali_colombia,c9cc1ef5b9c760677e8b9721595af2d6,Colombia,Cali,-76.58,3.306,-76.453,3.608
temuco_chile,b7f711049e5bda8122ad68f9d2d7e016,Chile,Temuco,-72.829,-38.917,-72.309,-38.642
cordoba_argentina,d2bb975bcf0f6dc3e22f281b9adbe257,Argentina,Cordoba,-64.373,-31.534,-63.995,-31.256
cusco_peru,92a007875c504461fb8c142b80fab7a3,Peru,Cusco,-71.855,-13.582,-70.047,-13.473
mendoza_argentina,5eb48384af103592c17c82ff8ef02427,Argentina,Mendoza,-70.005,-34.927,-67.198,-32.575
rio-de-janeiro_brazil,b3924ee43bbbf7a111b87067a63c81ff,Brazil,Rio De Janeiro,-43.86,-23.216,-42.751,-22.378
concepcion_chile,ca5763fdac31b7169aef70a06a8fa787,Chile,Concepcion,-73.271,-37.019,-72.887,-36.583
curitiba_brazil,e8d3bb2238baae1bc1d7e705ad535dfa,Brazil,Curitiba,-49.703,-25.799,-48.799,-25.071
trinidad_bolivia,ae5cd7de6a99061ef9295f6d26970700,Bolivia,Trinidad,-64.989,-14.887,-64.825,-14.768
cumana_venezuela,2ffc270e06a4afeef1cc2101f53f66fe,Venezuela,Cumana,-64.221,10.407,-64.086,10.483
cobija_bolivia,dee610aae79c2d703f85accebb4de5bf,Bolivia,Cobija,-68.814,-11.067,-68.711,-10.982
palmas_brazil,cf38cf8c4f529d2427c391f60342e509,Brazil,Palmas,-48.525,-10.464,-48.144,-10.087
region-x_chile,a213a21558dc9a5c288fafe2aa419b8d,Chile,Region X,-74.663,-43.723,-71.301,-40.363
porto-alegre_brazil,d750b4ca0ed0d907213ead9a66f49f02,Brazil,Porto Alegre,-52.159,-30.638,-50.371,-29.471
campo-grande_brazil,5229b2c64a9ceea739606b9bdb3ecb91,Brazil,Campo Grande,-54.902,-20.67,-54.445,-20.352
asuncion_paraguay,ac0d93fa70945f900b95423329df6166,Paraguay,Asuncion,-57.777,-25.535,-57.268,-25.052
florianopolis_brazil,022251fd0b6d16b4fe18e099286092dc,Brazil,Florianopolis,-48.738,-27.902,-48.293,-27.286
santa-cruz_bolivia,55e91abdb420192af66fbf9a76639dd0,Bolivia,Santa Cruz,-63.43,-18.019,-62.889,-17.57
maraciabo_venezuela,1523bd839fc3593f9389791e7cc59148,Venezuela,Maraciabo,-71.743,10.507,-71.586,10.746
lima_peru,2c422888048d34d1c03f18093a59dfe7,Peru,Lima,-77.294,-12.358,-76.701,-11.644
santiago_chile,e093f7e1b9a7874f514847f1fe6f9b2b,Chile,Santiago,-71.043,-33.824,-70.353,-33.151
valdivia_chile,35a42f591f210a2931fadf65080599bb,Chile,Valdivia,-73.501,-39.982,-73.072,-39.688
quito_ecuador,e5586586498dccebf047bf331b8f6214,Ecuador,Quito,-78.853,-0.55,-78.1,0.109
fortaleza_brazil,2ee23415f61cebd9612aea02401069cc,Brazil,Fortaleza,-38.636,-3.889,-38.401,-3.688
bogota_colombia,f329c81bd8424997871809ea4862ad81,Colombia,Bogota,-74.421,4.291,-73.767,5.022
san-jose_costa-rica,b4f1ed88d5f99848e8aafd4093b8d7e7,Costa Rica,San Jose,-84.254,9.788,-83.908,10.007
blumenau_brazil,15a83b56c6547d7971ea5fb93c44d41a,Brazil,Blumenau,-49.19,-27.035,-48.995,-26.624
teresina_brazil,00bc30010c1ae1bd0a4a327491723baa,Brazil,Teresina,-42.97,-5.586,-42.599,-4.787
belo-horizonte_brazil,3a9f488fb934a78f651d2c9b137c74c3,Brazil,Belo Horizonte,-44.063,-20.029,-43.865,-19.776
caracas_venezuela,951275cc5a27eb1c08e3f7176f8fb22c,Venezuela,Caracas,-67.11,10.27,-66.663,10.645
montevideo_uruguay,c40a3728d622b7fa38a39c95949da88a,Uruguay,Montevideo,-56.321,-34.953,-56.026,-34.772
sucre_bolivia,2baf63957ab33420fca7e2a0f3836614,Bolivia,Sucre,-65.342,-19.08,-65.189,-18.977
manaus_brazil,d987bf33fb7fbcabab6ec97e8447ccd2,Brazil,Manaus,-60.161,-3.222,-59.8,-2.898
martinique_french-caribbean,bb4094fd507a59821586e8b5ab58db62,French Caribbean,Martinique,-61.229,14.389,-60.811,14.879
cartagena_colombia,ecc77b1dc58a28796c976956df87e8be,Colombia,Cartagena,-75.627,10.251,-75.337,10.572
sao-paulo_brazil,ae8430992a9141b031c66371d90faebd,Brazil,Sao Paulo,-47.357,-24.317,-45.863,-23.125
paramaribo_suriname,6a8859349654a28c05cd7a407babbe2d,Suriname,Paramaribo,-55.218,5.868,-55.174,5.883
iquique_chile,a1baca7cbd5887257341155123258d29,Chile,Iquique,-70.186,-20.3,-70.113,-20.186
mariana_brazil,983931a2ad2f4c12212c5e2604efcf63,Brazil,Mariana,-43.431,-20.403,-43.407,-20.351
buenos-aires_argentina,9a5df3912948130b0f690eafa4cbe76a,Argentina,Buenos Aires,-59.258,-35.139,-57.833,-34.219
tarija_bolivia,4efdae43b93d3876f57746561b2d7adf,Bolivia,Tarija,-64.843,-21.632,-64.622,-21.454
milwaukee_wisconsin,5eb023ec1b9c70a9379555852137caf1,Wisconsin,Milwaukee,-88.511,42.656,-87.522,43.389
nassau_bahamas,050ee8013c321a85ca5bd8511ae9b687,Bahamas,Nassau,-77.556,24.974,-77.253,25.092
san-francisco_california,3996f34703285a243bfe44cc0c1720ae,California,San Francisco,-122.737,37.449,-122.011,37.955
omaha_nebraska,aa14d872082d3af2ffdb51c37e119d6f,Nebraska,Omaha,-96.275,41.079,-95.757,41.378
quebec_canada,00aad975bd8ddda6e0d2fd6c9d8960ce,Canada,Quebec,-71.447,46.723,-71.103,46.927
tampa_florida,4dcb66ed5e3328a2c514ba60f4513b07,Florida,Tampa,-82.935,27.279,-82.012,28.376
bronx_new-york,bacd8b523d7b8e5c592de56f9a7e8ec8,New York,Bronx,-73.933,40.786,-73.765,40.915
bernalillo-county_new-mexico,d0cb6c53236e4261a6b256877eaa77f3,New Mexico,Bernalillo County,-107.196,34.869,-106.15,35.22
fort-wayne_indiana,cebe750f4740d061fc58991b4cfe0d1c,Indiana,Fort Wayne,-85.335,40.95,-84.98,41.208
miami_florida,65951a4f952a88ac081f9cdd69178573,Florida,Miami,-80.683,25.291,-79.774,26.912
tuscaloosa_alabama,b60e417994fd8f470e2f655736a2578d,Alabama,Tuscaloosa,-88.027,32.829,-86.88,33.785
grand-rapids-holland-muskegon_michigan,5fdee932f7ca02e3a0133509b28236b5,Michigan,Grand Rapids Holland Muskegon,-86.41,42.61,-85.3,43.33
el-paso_texas,df644bc1627bb5747fd67dfc23e39f9c,Texas,El Paso,-106.651,31.614,-106.202,32.003
humboldt_california,2be92ea2a677d91d87ee3600ba50ad33,California,Humboldt,-124.744,39.988,-122.802,41.553
charleston_south-carolina,e573341ac39237a59c0ac987cac940ca,South Carolina,Charleston,-80.344,32.506,-79.675,32.976
phoenix_arizona,eec63b01fe9ab691e72c01d8006b75c3,Arizona,Phoenix,-112.821,32.796,-111.211,34.07
san-juan_puerto-rico,61cf1d69ca91ea44cbc78d5d758ffcf0,Puerto Rico,San Juan,-66.301,18.186,-65.817,18.502
dallas_texas,abc6c155a6a9a766c9b57dac98ff6f8d,Texas,Dallas,-97.789,32.166,-96.113,33.431
mississauga_canada,6855a27699ea017b56043fcbd0a7ca08,Canada,Mississauga,-79.827,43.478,-79.506,43.677
rimouski_canada,601617cfa175b0e98b83979f4718ffb6,Canada,Rimouski,-68.612,48.415,-68.448,48.494
hamilton_canada,ae4824793cb5521fef0e967319c6ba40,Canada,Hamilton,-80.029,43.155,-79.614,43.317
new-york_new-york,aecfa36fdae309a582fd2da32c4a54ae,New York,New York,-74.501,40.345,-73.226,41.097
colorado-springs_colorado,7efdeccbe8348cc5afc835765021ae6f,Colorado,Colorado Springs,-104.906,38.711,-104.64,39.001
ottawa_canada,407a2bffcbc7e408cab5a54c52fbd7d7,Canada,Ottawa,-76.361,44.927,-75.052,45.598
raleigh_north-carolina,c5fc24d69c16f4973b2af0d4b9ddbc9e,North Carolina,Raleigh,-79.116,35.759,-78.577,36.051
south-bend_indiana,7bbab797e97eef5005b59f1a1c393610,Indiana,South Bend,-86.545,41.461,-85.696,41.929
birmingham_alabama,739185a0c8ff2695cfb1971eac77c262,Alabama,Birmingham,-87.136,33.307,-86.387,33.707
victoria_canada,ed5e17c239400e4058932f70d6b76bee,Canada,Victoria,-124.063,48.054,-122.568,48.871
halifax_canada,66c912e4f38a596c828b4e1998a39290,Canada,Halifax,-63.744,44.574,-63.41,44.809
seattle_washington,c2be0aba1bc0cf80463d28f2ac0e6243,Washington,Seattle,-123.931,46.608,-121.335,48.528
santa-barbara_california,1e1d9d44d99cf2fdbb0c73f357750302,California,Santa Barbara,-120.712,33.872,-119.08,34.764
spokane_washington,71cd8ee5c767b0a213b9e3d481f6fc52,Washington,Spokane,-117.801,47.504,-117.107,47.841
kamloops_canada,1f12210f7800f3dbd86aae710c128171,Canada,Kamloops,-120.55,50.61,-120.03,50.87
los-angeles_california,1bb965669289bd2fabdfedeca40e8dba,California,Los Angeles,-119.437,33.298,-116.724,34.583
kansas-city-lawrence-topeka_kansas,d49a6e52ad576b4b8e86ce7a441d19a2,Kansas,Kansas City Lawrence Topeka,-95.946,38.599,-94.048,39.419
saint-john_canada,95dc2187214d439319e523ead84448bb,Canada,Saint John,-52.788,47.498,-52.613,47.63
iqaluit_canada,25ee48d47dcb7639ca2f552f60a58b14,Canada,Iqaluit,-68.652,63.703,-68.364,63.796
mexico-city_mexico,e2fa174799bf581ee7115a36ebb360ee,Mexico,Mexico City,-99.597,18.992,-98.606,19.921
saint-louis_missouri,23e993da98349c2de2eb70dab80648ed,Missouri,Saint Louis,-91.01,38.069,-89.533,39.151
edmonton_canada,83c976629861bb27feee4b2f095e3425,Canada,Edmonton,-114.529,52.941,-112.43,54.213
charlottetown_canada,d8d1bf776289854204ae99a37be89ed9,Canada,Charlottetown,-63.203,46.22,-63.065,46.3
syracuse_new-york,5e03f4162998c405bf329b16e7aee493,New York,Syracuse,-76.375,42.941,-75.946,43.219
philadelphia_pennsylvania,4c1adfc6be674096ae44ababf90a2f6d,Pennsylvania,Philadelphia,-75.572,39.641,-74.641,40.308
dayton_ohio,7e97245fa0d5bae5fad6ad09b9a32b73,Ohio,Dayton,-84.7,39.5,-83.7,40
san-diego-tijuana_mexico,8db511c5f466da7d71dae24885f6e7c8,Mexico,San Diego Tijuana,-117.376,32.312,-116.588,33.078
santa-fe_new-mexico,dc0d0daab46105d16b93c2d9f74e9e13,New Mexico,Santa Fe,-106.114,35.597,-105.863,35.755
vancouver_canada,d8e120bdcfd72ef3914532d1d638e9ba,Canada,Vancouver,-123.29,49.195,-123.02,49.32
eugene_oregon,32f3fd9dbe8fd480a7f41f63e04fae51,Oregon,Eugene,-123.266,43.983,-122.946,44.142
portland_maine,6eb248407c45d329bf44852d9873e937,Maine,Portland,-70.393,43.525,-70.134,43.737
mcallen_texas,13237ffab950245a110a30727f56e095,Texas,Mcallen,-98.494,25.864,-97.218,26.819
barnstable_massachusetts,04b144e967d9cb4556378a49e4d3d95d,Massachusetts,Barnstable,-70.382,41.608,-70.216,41.739
albany_new-york,d486b65259bca5d369ccac0e8a72e355,New York,Albany,-73.898,42.614,-73.725,42.722
chicago_illinois,c3e5f5babb77bc287fa5d5797f567cf6,Illinois,Chicago,-88.505,41.339,-87.066,42.297
calgary_canada,b7cbd4f14b4e9363740875e6a3f9751f,Canada,Calgary,-114.612,50.71,-113.478,51.353
whitehorse_canada,659377a7b0ede241a006e590a78b4900,Canada,Whitehorse,-135.217,60.625,-134.918,60.798
honolulu_hawaii,f94cbcc466ea5b38befca6768114a0fe,Hawaii,Honolulu,-158.35,21.192,-157.592,21.781
hampton-roads_virginia,5131d9a7fe518b78ee6da6478d85c1b0,Virginia,Hampton Roads,-76.663,36.718,-75.918,37.208
salt-lake-city_utah,5e4bb5f7b4a663989c449366a3e94d60,Utah,Salt Lake City,-112.102,40.7,-111.739,40.853
athens_georgia,d0e51227423f0c25115e53a00423a5fd,Georgia,Athens,-83.538,33.847,-83.24,34.041
denver-boulder_colorado,45882bc9da439da61ea47e85cdabd2f7,Colorado,Denver Boulder,-105.746,39.323,-104.334,40.313
albuquerque_new-mexico,deb713316884e13ceec92cf68c9338f4,New Mexico,Albuquerque,-106.882,34.947,-106.471,35.218
saguenay_canada,8c65cd1120990d1ea44c2ab4b24462c7,Canada,Saguenay,-71.297,48.281,-70.838,48.474
dc-baltimore_maryland,192a1be6413f5ce1bf0ca3f1d3f36469,Maryland,Dc Baltimore,-77.599,38.539,-76.058,39.631
san-antonio_texas,c8e921f6ebe581958eb6c46b7cbafb0c,Texas,San Antonio,-98.951,29.109,-97.88,29.951
cleveland_ohio,74ad6d0cf26853858ce3ef35084d5f61,Ohio,Cleveland,-82.485,40.73,-80.798,41.918
shawinigan_canada,7851d27a29c5734353756015d5b9621f,Canada,Shawinigan,-72.81,46.5,-72.69,46.595
detroit_michigan,dcd9df51954c0f90353edbd4ced2188a,Michigan,Detroit,-84.158,41.723,-82.375,43.168
fredericton_canada,be70d3433749a841dbbd84cc9ab285bc,Canada,Fredericton,-66.787,45.891,-66.547,46.024
san-luis-obispo_california,e790593f98b8627a9e277b76e4703a57,California,San Luis Obispo,-120.723,35.233,-120.618,35.312
lincoln_nebraska,8d7fd6f02449be20493e818fcefd2afb,Nebraska,Lincoln,-96.867,40.66,-96.455,40.948
toronto_canada,db5f1e26893df97b5bbf0d36956f5460,Canada,Toronto,-80.161,43.201,-78.717,44.182
louisville_kentucky,511c56e002adaedbd56e86a35136e2d1,Kentucky,Louisville,-85.951,37.997,-85.405,38.375
new-orleans_louisiana,be200c87314396baf5ed7b79f6aa9d3e,Louisiana,New Orleans,-90.653,28.887,-89.11,30.51
cape-canaveral_florida,db867f2c73095659ac62dbe89cf3216e,Florida,Cape Canaveral,-80.944,28.107,-80.213,28.509
windsor_canada,0603ef21f23d82c8bb17a8df97ea9630,Canada,Windsor,-83.114,42.233,-82.89,42.348
lexington_kentucky,fa80da45e66d2e26575a8518b7df93c1,Kentucky,Lexington,-84.809,37.799,-84.232,38.255
little-rock_arkansas,3b0902cfeb1050a5baac5e397a1af245,Arkansas,Little Rock,-92.521,34.626,-92.155,34.822
lafayette_indiana,570fe50dc269e3252209ba216fd2cbf3,Indiana,Lafayette,-87,40.33,-86.75,40.52
guatemala-city_guatemala,0ba2c045579d4232a36916ab08d8a3e9,Guatemala,Guatemala City,-90.715,14.4,-90.35,14.733
richmond_virginia,e336fa2a3f10b07ac6b14fadbbaf57fd,Virginia,Richmond,-77.718,37.373,-77.215,37.695
monterrey_mexico,e36140e4ad4b5d5e0e94987d1231baf9,Mexico,Monterrey,-100.422,25.5,-100.184,25.797
evansville_indiana,c14acc410723436581638aecc23ade58,Indiana,Evansville,-87.747,37.759,-87.237,38.177
champaign_illinois,104a6911ae6b140fe993fce055650041,Illinois,Champaign,-88.403,39.944,-88.133,40.186
greensboro_north-carolina,3fefebfb2ee0324fa45b2bbdafa1db70,North Carolina,Greensboro,-80.034,35.927,-79.595,36.218
haldimand_canada,23aac959a83693bcbfaa48807ec68bbe,Canada,Haldimand,-80.132,42.801,-79.468,43.127
winnipeg_canada,063866dd9da24d31a99503f813aee7da,Canada,Winnipeg,-97.473,49.729,-96.885,50.034
brooklyn_new-york,7b85b5f1d2e95e9fb0988199c7f7f5b7,New York,Brooklyn,-74.057,40.551,-73.833,40.739
hellertown_pennsylvania,a63958e9886bfe4db7329427bf7f5c51,Pennsylvania,Hellertown,-75.368,40.56,-75.318,40.598
santa-monica_california,1d08477fbf29a1e6c38f3aeb2ed7821c,California,Santa Monica,-118.551,33.967,-118.443,34.051
harrisburg_pennsylvania,4cf9d42cccf840f169776a666b6ad31d,Pennsylvania,Harrisburg,-77.07,40.179,-76.709,40.362
santa-ana_california,a74dd2a7537bf9670aa15705f179f6dc,California,Santa Ana,-117.944,33.692,-117.831,33.784
duluth_minnesota,e19f95e6dfdcb20625d316fa2fd8cc00,Minnesota,Duluth,-92.603,46.575,-91.234,47.095
harrisonburg_virginia,ab3d65787266fd0c074ac382198abbd7,Virginia,Harrisonburg,-78.947,38.376,-78.812,38.498
sherbrooke_canada,8d130caa906efc2b44d2783775abf2f0,Canada,Sherbrooke,-72.014,45.343,-71.792,45.465
leon_mexico,ca52d10e0dd81f6ef49fcc1290e45f52,Mexico,Leon,-101.746,21.056,-101.598,21.193
indianapolis_indiana,b7363a38b1f16bb06d1cd15af7b5113b,Indiana,Indianapolis,-86.485,39.454,-85.746,40.134
saskatoon_canada,2e02f349e8903ec7b4986c3f8d395289,Canada,Saskatoon,-106.749,52.073,-106.549,52.204
la-habana_cuba,ecdf70299346a27174c988de572b7152,Cuba,La Habana,-82.462,23.032,-82.278,23.184
palm-beach-county_florida,ba542ee512953b922811435a04dc41bd,Florida,Palm Beach County,-80.886,26.321,-79.974,26.971
madison_wisconsin,4cb97d7ff1753ba5d735336445bc9ab8,Wisconsin,Madison,-89.854,42.801,-88.992,43.343
minneapolis-saint-paul_minnesota,962df61c99c6735301cdbee1801f7afe,Minnesota,Minneapolis Saint Paul,-94.013,44.471,-92.543,45.415
exatepec-de-morelos_mexico,2378250a5ab9d846ce66a581a74ee373,Mexico,Exatepec De Morelos,-99.101,19.484,-98.974,19.659
tijuana_mexico,03fae3ad3236c8dd0dcc74dba3dd0f21,Mexico,Tijuana,-117.125,32.442,-116.862,32.553
providence_rhode-island,e4eae3c19a4af437a123531232fc3c0d,Rhode Island,Providence,-71.51,41.769,-71.311,41.881
juneau_alaska,400f4834dae0b72f294ba715c6815998,Alaska,Juneau,-135.2,57.809,-133.03,58.982
houston_texas,a4e5c27b994533ca392ece28e0f80f47,Texas,Houston,-96.064,28.856,-94.378,30.261
san-francisco-bay_california,ce7167372d4c6afa8a51fb1b5304e1e1,California,San Francisco Bay,-123.64,36.791,-121.025,38.719
wichita_kansas,5c6b0c020c5ce2d9947b42d0e9dc9605,Kansas,Wichita,-97.872,37.231,-96.842,38.117
grassvalley_california,af30722867fc4ffbc1ddb6bc02d17435,California,Grassvalley,-121.3,39.08,-120.88,39.32
pittsburgh_pennsylvania,930a917a43905a933deffa3881de9a99,Pennsylvania,Pittsburgh,-80.711,40.023,-79.249,40.88
trois-rivieres_canada,dd9dced7e186208894a3b6f7de077160,Canada,Trois Rivieres,-72.701,46.294,-72.467,46.428
boise_idaho,092edad9a7ad63be1ae8ad953cf9b98b,Idaho,Boise,-116.211,43.313,-115.911,43.613
iowa-city_iowa,32b150ff3d1400f96d8b976d6bbc3a12,Iowa,Iowa City,-91.616,41.599,-91.463,41.696
orlando_florida,f6fec96cb540f5e8d94fd235f6f9f090,Florida,Orlando,-81.516,28.358,-81.221,28.61
managua_nicaragua,3f18b6de5a3ce5f6cdb9696143709636,Nicaragua,Managua,-86.451,11.826,-85.935,12.25
rochester_new-york,2f338b4c8f66a71bf4f4808d2ce7cf46,New York,Rochester,-77.71,43.089,-77.528,43.213
des-moines_iowa,af6c89a36de78bd5e125307e331af923,Iowa,Des Moines,-93.904,41.486,-93.435,41.781
auburn_alabama,73dfe90e420a5b9a9f35d7846a18bdd4,Alabama,Auburn,-85.543,32.568,-85.408,32.644
columbus_ohio,45310e677add8c8d157c5f89d7a8ea38,Ohio,Columbus,-83.482,39.542,-82.479,40.459
gainesville_florida,b70fe57504932da9a41ca9a56ed12561,Florida,Gainesville,-82.659,29.417,-82.049,29.945
mobile_alabama,3c4ee6e8eed21c4b3b98f0523ed4160e,Alabama,Mobile,-88.363,30.496,-87.832,30.883
puebla_mexico,7d1cf2f8e65d2903d4b56a677d9af0f2,Mexico,Puebla,-98.382,18.876,-98.078,19.149
santa-cruz_california,0501eec9aaa61140a1590d177a443fa3,California,Santa Cruz,-122.155,36.939,-121.89,37.091
redlands_california,7efddd3a2e0f213d37be77d1e0f741bb,California,Redlands,-117.325,33.968,-116.976,34.138
bangor_maine,9e2552d3ddde961f5f0f726065220fe8,Maine,Bangor,-68.871,44.757,-68.643,44.864
tucson_arizona,2d0fbcf74475630d35a9dea4a2815031,Arizona,Tucson,-111.328,31.944,-110.555,32.577
springfield_missouri,d7d5cb25752691dc74fc350c7451e892,Missouri,Springfield,-93.417,37.092,-93.207,37.271
jacksonville_florida,862a3d0201af006f86e221ac5363aaca,Florida,Jacksonville,-82.049,30.103,-81.391,30.586
las-vegas_nevada,35eece24d90898278a9a81dcd6eabf01,Nevada,Las Vegas,-115.581,35.757,-114.211,36.615
savannah_georgia,abc2935b335d3c026b318c553778af3a,Georgia,Savannah,-81.328,31.85,-80.83,32.25
hartford_connecticut,9a91a2e7bcea06f52aa92605ca498d8d,Connecticut,Hartford,-72.711,41.71,-72.565,41.818
fort-collins_colorado,3f87010e6f65ee16f2c9e4b50d5d9841,Colorado,Fort Collins,-105.144,40.478,-104.987,40.618
atlanta_georgia,e34eccff4afbd79b4fec61189407998c,Georgia,Atlanta,-85.386,32.844,-83.269,34.618
port-au-prince_haiti,8f900767269261b9450d6f4d294b2467,Haiti,Port Au Prince,-72.518,18.456,-72.112,18.683
montreal_canada,4248de16aa15db49683fe21c9b022fee,Canada,Montreal,-74.734,44.968,-72.723,46.057
yellowknife_canada,a43181c21f23e278f5771e6f3682a8d8,Canada,Yellowknife,-114.516,62.402,-114.241,62.526
reno_nevada,1a53f5186172d2bfbc1114b0a78c1da5,Nevada,Reno,-120.094,39.309,-119.506,39.769
regina_canada,4fa92eb105a02101eefc0ef7874f4ba7,Canada,Regina,-104.776,50.361,-104.462,50.543
san-jose_california,4cbeb0ade97c6b0586cfe5a49f4be5ca,California,San Jose,-122.046,37.125,-121.589,37.469
asheville_north-carolina,cf581ee145b2b44c04273ce0a29ca459,North Carolina,Asheville,-82.737,35.478,-82.358,35.686
stockton_california,98f0d1b797ccf21f432fed402b7a597d,California,Stockton,-121.42,37.888,-121.184,38.058
banff_canada,790b33c2e3c7b225c0b6e415b01fa41d,Canada,Banff,-115.698,51.128,-115.439,51.228
cincinnati_ohio,d69bcc9b0a968fd2b326e855467607b9,Ohio,Cincinnati,-84.843,38.875,-84.121,39.471
austin_texas,7e438075137015e6e7afe2a512679a16,Texas,Austin,-98.212,29.931,-97.234,30.67
terre-haute_indiana,6d059f54f7e52d593dcc76bf13e000d7,Indiana,Terre Haute,-87.508,39.367,-87.28,39.578
waterloo-region_canada,24a9dfdaec5990bbf96827b94621e685,Canada,Waterloo Region,-80.872,43.263,-80.186,43.694
san-diego_california,1647261d9ebaa1284c927ed4d3262918,California,San Diego,-117.288,32.558,-116.918,32.91
macon_georgia,f8a4d04efe4f2881e668f73c4828f17d,Georgia,Macon,-83.907,32.66,-83.482,32.969
walt-disney-world_florida,2aa83522f988418b5850ff83c20a1893,Florida,Walt Disney World,-81.64,28.243,-81.507,28.442
portland_oregon,6596e76523fdaba4f8a1a5a14fe7ca2b,Oregon,Portland,-123.521,45.096,-122.11,45.897
sioux-city_iowa,083f2fd70c37094991286e4684f8b69a,Iowa,Sioux City,-96.507,42.367,-96.283,42.578
boston_massachusetts,a9014816c71acf8cef7e435450d112c0,Massachusetts,Boston,-71.191,42.228,-70.923,42.42
oklahoma-city_oklahoma,207327b741c89477e1bf2652eba3090b,Oklahoma,Oklahoma City,-97.811,35.274,-97.278,35.713
juarez_mexico,41f730889c0e6c5789f3778487e98e75,Mexico,Juaréz,-106.592,31.524,-106.294,31.784
chattanooga_tennessee,58c41e35daea7fc11165424d922d0b71,Tennessee,Chattanooga,-86.385,34.252,-82.979,35.844
allentown_pennsylvania,74f511ae80a83bfd0b460fdb47d2ed2c,Pennsylvania,Allentown,-75.543,40.55,-75.418,40.623
sacramento_california,87ff67f4a3b6ec1429293a8831dd0876,California,Sacramento,-121.821,38.395,-120.995,38.955
state-college_pennsylvania,a7eb9467bbe6a555264536f14a31a606,Pennsylvania,State College,-78.28,40.572,-77.302,41.106
nashville_tennessee,9417cdd4dfaf1948519d5988e921c8ca,Tennessee,Nashville,-87.743,35.408,-85.778,36.652
santo-domingo_dominican-republic,111cf9378310214951cf5449945c2875,Dominican Republic,Santo Domingo,-70.203,18.314,-69.62,18.685
panama-city_panama,563acadcd9db97374d419c57f5ab2b11,Panama,Panama City,-79.598,8.907,-79.272,9.26
kingston_jamaica,324988df87ea34426d03c9e6d7e0019d,Jamaica,Kingston,-76.859,17.921,-76.692,18.089
memphis_tennessee,af4c3337ba7cc967770e880a31d13179,Tennessee,Memphis,-90.409,34.551,-89.011,35.655
charlotte_north-carolina,95044d421bf83158dd161e3f0768b911,North Carolina,Charlotte,-81.307,34.919,-80.396,35.476
south-lake-tahoe_california,f67361b38b665be20dc4ec517325dbc0,California,South Lake Tahoe,-120.368,38.705,-119.654,39.45
toledo_ohio,c8714d31aff9854df00e8e00634b34d2,Ohio,Toledo,-83.785,41.518,-83.36,41.722
youngstown_ohio,6e15031ba244e5c82c94e3405cf29926,Ohio,Youngstown,-80.712,41.046,-80.56,41.134
kent_ohio,3350cde7164025d3635c5537c9b86aa4,Ohio,Kent,-81.389,41.133,-81.283,41.188
mountain-view_california,ebfdfeae2c4d1f2f21bb526f14a38a28,California,Mountain View,-122.117852,37.35676,-122.035804,37.469887
afghanistan,cbbb9c2335db283c7c06d8fb1ae404de,Afghanistan,,60.403889,29.288333,74.989862,38.5899217
albania,b75a95d9bc140e4743c2bfb19159e865,Albania,,19.0246095,39.5448625,21.1574335,42.7611669
algeria,632cf329385764453b20818c82e0b909,Algeria,,-8.7689089,18.868147,12.097337,37.3962055
andorra,6ea90bd00c5b0111b5c5bd77e1a01be7,Andorra,,1.3135781,42.3288238,1.8863837,42.7559357
angola,feaa4637379779b552db065719280513,Angola,,11.3609793,-18.1389449,24.18212,-4.2888889
anguilla,6c49a870affe1ef1f62b19f4f84a2b27,Anguilla,,-63.7391991,17.9609378,-62.6125448,18.8951194
argentina,e296dd2078f67b814174b9d879f28478,Argentina,,-73.6603073,-55.285076,-53.5374514,-21.6811679
armenia,3872c8c2d146b03bc4a162268c8f288a,Armenia,,43.3471395,38.7404775,46.7333087,41.400712
australia,ca9dc854082ec9252fe338a3531428b0,Australia,,112.2363,-44.3945,155.2172,-9.0882
austria,94b17bc136c66d4e9c605db83bbe4752,Austria,,9.4307487,46.2722761,17.260776,49.1205264
azerbaijan,f8197cbf963780cbe30e08a095478dfe,Azerbaijan,,44.6633701,38.2929551,51.1090302,42.0502947
bahrain,21f8ad4f7652ab39a53373012d432c03,Bahrain,,50.1697989,25.435,51.0233693,26.7872444
bangladesh,8571f66528a5cc8fa06249abd16cb2c2,Bangladesh,,87.9075306,20.2756582,92.7804979,26.7382534
barbados,4fee368efa7638dd46086659e5387bc2,Barbados,,-59.9562114,12.745,-59.1147174,13.635
anguilla,e9fece9152f42d45c2442ce33bcb0215,Belarus,,23.0783386,51.1575982,32.8627809,56.2722235
belgium,73ba2411007c63113da52bcf042c0ea1,Belgium,,2.2889137,49.3969821,6.508097,51.6516667
belize,7bb7ce890ce94e3cb27de5aab13585b9,Belize,,-89.3261456,15.7857286,-87.2098493,18.596001
benin,a7ae4249a4909b8235092dd1fe7a71c7,Benin,,0.676667,5.9398696,3.943343,12.5065612
bermuda,48811f6277462e1a13af4c6d568cbcb0,Bermuda,,-65.2232221,31.9469651,-64.3109841,32.6913693
bhutan,2e94d2b3fdd80b2dc7cd0c540c034fc5,Bhutan,,88.6464724,26.602016,92.2252321,28.346987
bolivia,f1fe9c7ba83f8b5f9a144b4faf05228e,Bolivia,,-69.7450072,-23.0005473,-57.3529999,-9.5689437
bosnia_and_herzegovina,6e00379640fde1bf62b0863a0704d8d0,Bosnia and Herzegovina,,15.6287433,42.4543231,19.7217086,45.3764771
botswana,4c701c9192b2132d2fad42952ba446f8,Botswana,,19.8986474,-27.0059668,29.475304,-17.6781369
brazil,84d8cb8b827869bc429f5dd3764dae27,Brazil,,-74.0830624,-33.9689055,-28.5341163,5.3842873
british_indian_ocean_territory,5e5fec38a67920f1d5767bce83caa125,British Indian Ocean Territory,,70.936504,-7.7454078,72.8020157,-4.9370659
british_virgin_islands,28252559b31a5a86e07a79f0c05e8212,British Virgin Islands,,-65.055961,18.0055311,-63.9597293,19.0503802
brunei,178e4f83f73a4548f7f9c858b72528bc,Brunei,,113.976123,3.902508,115.4635623,5.2011857
bulgaria,06ae8e18c55286513cacc3f76fede4c2,Bulgaria,,22.257337,41.1353929,28.9875409,44.3162214
burkina_faso,4ee655cf61072a6a9392003d1f256a8a,Burkina Faso,,-5.6175099,9.293889,2.50261,15.184
burundi,2ea8ab409db50fa70372cb55c074085a,Burundi,,28.9007401,-4.5693154,30.9495759,-2.2096795
cote_d_ivoire,638a179e83aaeab5bfe174ad7f310929,Cote d'Ivoire,,-8.7017249,4.0621205,-2.3930309,10.840015
cambodia,8803bf3f73fa98c22351b5328e21d6e0,Cambodia,,102.2338282,9.3230459,107.7276788,14.7902471
cameroon,439d152b848dae6f06cecbdba80b7814,Cameroon,,8.2822176,1.5546659,16.2921476,13.183333
canada,3b1a0e6de4cf7badd570029589c3bf1d,Canada,,-141.1027499,41.5765556,-52.223198,83.4362128
cape_verde,833b6af3bf1f4c39f1a8727c61e3e532,Cape Verde,,-25.6731072,14.5066229,-22.3547751,17.507117
cayman_islands,36349b68d5ac92fcec5bd9d065594e22,Cayman Islands,,-81.7313747,18.9620619,-79.4110953,20.0573759
central_african_republic,6f472c43567288a12d6e2d9a468c4889,Central African Republic,,14.3155426,2.1156553,27.5540764,11.101389
chad,b092b2d1bf1eafed766887c4208753c9,Chad,,13.37348,7.34107,24.1,23.5975
chile,fcfdce30b602cf202c52aca43e005357,Chile,,-109.7795788,-56.8249999,-65.9734088,-17.3983997
china,3936ff1cbd50d5fb805893f6fe2690ba,China,,73.3997347,14.8082548,134.8754563,53.6608154
colombia,4a4d13c1272ffae22d6996ed3e0b5d07,Colombia,,-82.1000001,-4.3316871,-66.7511906,16.2219145
comoros,973b02280422a44f1b150ef0aa3fd012,Comoros,,42.925305,-12.7209999,44.8451922,-11.0649999
congo-brazzaville,619fc14764969e25f0dbd5642cbc747f,Congo-Brazzaville,,10.9048205,-5.2358572,18.743611,3.813056
congo-kinshasa,dab4ec12995b65219c7c5e19b76d4498,Congo-Kinshasa,,11.9374291,-13.5590349,31.4056758,5.4920026
cook_islands,72292d63526151d3c3341923f8e137d4,Cook Islands,,-166.1856467,-22.2580699,-157.0154965,-8.6168791
costa_rica,4577e53fda48fc52f15b503e3ad2ca63,Costa Rica,,-87.3722646,5.2329698,-82.4060207,11.3196781
croatia,531609e1e3bf2fb9e2101d86d68f9ea2,Croatia,,13.101983,42.0748212,19.5470842,46.655029
cuba,70f964de7d9daa66edcc0f4d51bfb5f3,Cuba,,-85.2679701,19.5275294,-73.8190003,23.5816972
cyprus,70d30211c5b53dca9fb68ce3c4a3438a,Cyprus,,31.9227581,34.3383706,34.9553182,36.013252
czech_republic,6f8f53dc42653d5c30ce417c17f3b858,Czech Republic,,11.9905901,48.4518144,18.959216,51.1557036
denmark,07f6c803e2188129751e0721c11cee5c,Denmark,,7.6153255,54.3516667,15.6530641,58.0524297
djibouti,325ad0bad24bdc4a49148e7f61956788,Djibouti,,41.6713139,10.8149547,43.7579046,12.8923081
dominica,abec77f282bc3cb16a2024dc3850cd76,Dominica,,-61.7869183,14.9074207,-60.9329894,15.8872222
dominican_republic,6d8c20a50571e85ab9c14faf8e641497,Dominican Republic,,-72.1657709,17.166222,-68.0148509,20.234528
east_timor,26d4df7dd4e42ebc94a83da3648ecf19,East Timor,,123.9415703,-9.6642774,127.6335392,-7.9895458
ecuador,a515969bafe37f7b77f69fc47c28343c,Ecuador,,-92.7828789,-5.1159313,-75.0925039,2.4495499
egypt,a458d10c97baa52163dd63c2dc0ee33e,Egypt,,24.606389,21.8999975,37.2153517,31.9330854
el_salvador,2f3351012fc904f6d54461798c82160c,El Salvador,,-90.2602721,12.9262117,-87.4498059,14.551667
equatorial_guinea,fc51eacc61f4bd9f5f46fa21c99dfd93,Equatorial Guinea,,5.3172943,-1.7732195,11.4598628,4.089
eritrea,69a456d91676a696becf8a3d0e628848,Eritrea,,36.343333,12.2548219,43.4001714,18.1479356
estonia,78580369fc07cf3aa6be737424ac8745,Estonia,,21.2826069,57.4093124,28.3100175,60.0383754
ethiopia,e518dc2bab045a83993069bc5c6ca828,Ethiopia,,32.897734,3.297448,48.0823797,14.9944684
falkland_islands,9b9672a7906c1545afdb20667cb43672,Falkland Islands,,-61.8726771,-53.2186765,-57.2662366,-50.6973006
faroe_islands,9b782e2ebc60b9c387a304671d0faa1a,Faroe Islands,,-7.8983833,61.1880991,-6.0413261,62.5476162
federated_states_of_micronesia,facdb71c6c62bdd0b16c3c5947fffede,Federated States of Micronesia,,137.1234512,0.727,163.3364054,10.391
fiji,8a8866fd8cf8b74bc315655560cf2c17,Fiji,,-180.0999999,-21.3286516,180.1,-12.1613865
finland,9cce61c9f858b395d07e59751c124b07,Finland,,18.9832098,59.3541578,31.6867044,70.1922939
france,fae95809a97487e3f7e4dd61fff6c3c8,France,,-5.4662,41.2632,9.8679,51.2684
gabon,92255deb2a472338eb1ff8331d447fe3,Gabon,,8.4002246,-4.201226,14.639444,2.4182171
georgia,4fbff5ec06d73ae0ebbed3c8f1aaf4b7,Georgia,,39.7844803,40.9552922,46.8365373,43.6864294
germany,4f387f897780692472d6a4bae73074da,Germany,,5.7663153,47.1701114,15.1419319,55.199161
ghana,ed86c6c0e2b597fbc1bb941a880a4bec,Ghana,,-3.3607859,4.4392525,1.3732942,11.2748562
greece,3ae8f300cfa6c02ede44c70c01e30f6c,Greece,,19.1477876,34.6006096,29.8296986,41.8488862
greenland,07f91ee6c6dfb1fd18fa6f9369fa2b43,Greenland,,-74.394555,59.4209376,-9.4914437,83.8491212
grenada,920869c6c2f1e163b671d3185ff03ade,Grenada,,-62.1065867,11.686,-61.0732142,12.6966532
guatemala,5f3610eb13edd380a2badf5a86ac45ae,Guatemala,,-92.4105241,13.5278662,-88.0648019,17.9166179
guernsey,494885a956d4d731373dfca44f4694e1,Guernsey,,-3.1204014,49.1208333,-1.9351849,50.0416066
guinea-bissau,c996e28da9b3e7605f43146ee97ce3d8,Guinea-Bissau,,-16.9945229,10.5514215,-13.5348776,12.7862384
guinea,59258091107566b579ed6da68bc86999,Guinea,,-15.3470907,7.0906045,-7.5381992,12.77563
guyana,0bff08db9103e73f4a384e9ae52178c1,Guyana,,-61.5149049,1.0710017,-56.3689542,8.7038842
haiti,221f90228d10b6eb921e0010d6d1647a,Haiti,,-74.7575356,17.8099291,-71.5221296,20.3181368
honduras,b5cd4a7764cc8168e7c20c45da1bd2e5,Honduras,,-89.4519439,12.879722,-82.0816379,17.719526
hungary,288a2bbedc8ba417419606959c0e8c90,Hungary,,16.0138867,45.637128,22.9974573,48.685257
iceland,16c2cae438435e1b55f9147db8f237e6,Iceland,,-25.1135068,62.9859177,-12.7046161,67.453
india,536b3dcd7f401e229cc3c97c11c40aa1,India,,68.0113787,6.4546079,97.495561,35.7745457
indonesia,4a1e0b69412cf44d7a567176a8b9cfff,Indonesia,,94.6717124,-11.3085668,141.1194444,6.3744496
iran,c67a0abd3b0ed095b1c95286e61f7d08,Iran,,43.9318908,24.7465103,63.4332704,39.8816502
iraq,da622cca422deb0fa50b26dc5f36af0e,Iraq,,38.6936612,28.9612087,48.9412702,37.480932
ireland,7a9d353e6d19f425dc7996a1e5fe3b1d,Ireland,,-11.1133787,51.122,-5.5582362,55.736
isle_of_man,c73b0256496d359171b9763f60af3865,Isle of Man,,-5.2707284,53.745,-3.865406,54.6534288
israel,c1fddf2a0bd8e1a3743b5bb9d64820ce,Israel,,34.1674994,29.3533796,35.9950234,33.4356317
italy,596f63b9c3f5d220cfacf478785e72f4,Italy,,6.5272658,35.1889616,18.8844746,47.1921462
jamaica,70eb1423fd83cbeaf934f96b0d4038b7,Jamaica,,-78.6782365,16.4899443,-75.6541142,18.8256394
japan,f7399dd0ac42fab590f18a3c0b963b8a,Japan,,122.6141754,20.1145811,154.305541,45.8112046
jersey,968f8f357073a0ceb127fc607e27d223,Jersey,,-2.6591666,48.7721667,-1.7333332,49.5605
jordan,70a8e72ef335aee29b3a3996cbc50fa4,Jordan,,34.7844372,29.083401,39.4012981,33.4751558
kazakhstan,c675a73cf36497303a4a18787eed3ceb,Kazakhstan,,46.392161,40.4686476,87.4156316,55.5804002
kenya,60031c31ac3674edfa99af02e7078ceb,Kenya,,33.8098987,-4.9995203,41.999578,4.72
kiribati,d36785ec2c2ba488a6ef3ba0892263d0,Kiribati,,-179.1646,-7.0517,-164.1645,7.9484
kuwait,388013bd03dbd1ba80a61319ddc6298e,Kuwait,,46.4526837,28.4138452,49.1046809,30.2038082
kyrgyzstan,7fdf6277bc7e056cf5ebbc76eba7b01b,Kyrgyzstan,,69.1649523,39.0728437,80.3295793,43.3667971
laos,c4e3f7f4db26df9b87f62e557c9f406a,Laos,,99.9843247,13.8096752,107.7349989,22.602872
latvia,c51d875cfeb989943aa9248967a59f54,Latvia,,20.5715407,55.5746671,28.3414904,58.1855688
lebanon,49629336578fd8fa0c3401591afdb8a5,Lebanon,,34.7825667,32.9479858,36.725,34.7923543
lesotho,95faa61e01957a484573b7360a252af6,Lesotho,,26.91123,-30.7755749,29.5557099,-28.4705972
liberia,2e9b350146666562f592696e80716d42,Liberia,,-11.7080763,4.0555907,-7.2673229,8.6519717
libya,9756ad61be4cdc6d25faf3f267303ddf,Libya,,9.291081,19.4008138,25.4541226,33.4512055
liechtenstein,ddf2a5e907bd993ee8010f60ec1f1240,Liechtenstein,,9.3716736,46.9484291,9.7357143,47.370581
lithuania,7f21901c994cd3119a52802724be63b7,Lithuania,,20.553783,53.7967893,26.9355198,56.5504213
luxemburg,7f49433e42c9e5953857f63f7ad6de8a,Luxemburg,,5.6357006,49.3478539,6.6312481,50.2827712
macedonia,8746bcb87bfb98792a061e8dace5ade8,Macedonia,,20.3532236,40.7545226,23.134051,42.4735359
madagascar,4dc8e22e7018c9c4454e8255ad0b174f,Madagascar,,42.8729705,-25.9054593,50.7983545,-11.6490749
malawi,5ecc042c0d39d3108d02f90c8536bc1e,Malawi,,32.5703616,-17.2295216,36.0185731,-9.268326
malaysia,53229c1196b5794d26e778e41d23fcc3,Malaysia,,98.8372144,0.753821,119.5390876,7.6111989
maldives,04deed426aabb907aa3e3f2a4daafae6,Maldives,,72.2554187,-1.0074934,74.0700962,7.4106246
mali,f9bed9d37c0ea7ae9ef8d5e937d102c9,Mali,,-12.3407704,10.047811,4.3673828,25.101084
malta,4e1b9ae3030c0c957d03bed3f69e16b5,Malta,,13.8324226,35.5029696,14.9267966,36.3852706
marshall_islands,eb75c37713e799a149a2ac2103195433,Marshall Islands,,160.494934,4.274,172.4737007,14.973
mauritania,c791dcd0bc9c2b5355337debe30ba269,Mauritania,,-17.1684993,14.6206601,-4.7333343,27.414942
mauritius,1bbf58a7c44aa9e62ea96509afc3826d,Mauritius,,56.2825151,-20.8249999,63.8151319,-10.0379999
mexico,e814dbebce2c10a212cf232ae23b9945,Mexico,,-118.6991899,14.2886243,-86.3932659,32.8186553
moldova,fe4764e7aa99df781c3e39d170863f6c,Moldova,,26.5162823,45.3667022,30.2635137,48.5918695
monaco,67a0c43818c5ce96d122c7780a33a72b,Monaco,,7.3090279,43.416333,7.633167,43.8519311
mongolia,5827797f99734948a1ed0d8d84631438,Mongolia,,87.63762,41.4804176,120.031949,52.2496
montenegro,e8154f6a3c5caf3be62bd1fe71658e42,Montenegro,,18.3334249,41.6495999,20.4638002,43.658844
montserrat,79725f58a5b5ae9926627a862e4cc7dd,Montserrat,,-62.5506669,16.375,-61.8353817,17.1152978
morocco,7bfa362e286611bf59ebaae4380fdc62,Morocco,,-17.4479238,20.5144392,-0.8984289,36.1027875
mozambique,2d33545c5dd241fa01e075ff4dff1c84,Mozambique,,30.1131759,-27.0209426,41.1545908,-10.2252148
myanmar,3bc9b29ce1b4c8a982c9e0a5f6815407,Myanmar,,92.0719423,9.4375,101.2700796,28.647835
namibia,c7e88c3fb906349bffc0cba19b2e3c5d,Namibia,,11.4280384,-29.0694499,25.3617476,-16.8634854
nauru,c52be73877ae6cf8b55f2f88776c3d70,Nauru,,166.6099864,-0.8529999,167.2597301,-0.2029999
nepal,2e721361cf1d4b3475d6ecfd0e03542f,Nepal,,79.9586109,26.2477172,88.3015257,30.546945
new_zealand,02eceff9fb87d99be45e58ac6f246dd3,New Zealand,,165.8236,-48.4206,179.5842,-33.5349
nicaragua,5140987bc271c579eec55953725fcea6,Nicaragua,,-87.933972,10.6084923,-82.5227022,15.1331183
niger,2f36d1b29fec6c2e0819984be467b2e6,Niger,,0.0689653,11.593756,16.096667,23.617178
nigeria,096e9b76284d7aaa7f4e929055e63db8,Nigeria,,2.576932,3.9690959,14.777982,13.985645
niue,0632f96aec1dac8d4076552a978a889f,Niue,,-170.2595028,-19.4548664,-169.4647228,-18.6534558
north_korea,997ae1617ef956f06dfe79fc44b3d5fb,North Korea,,123.9913902,37.5279512,131.024647,43.1089642
norway,348b52e025b574d3b239d5774e025cc9,Norway,,-9.7848145,-54.7539999,34.7891253,81.128076
oman,a2d0b2c19415e820da9ff1573dec1126,Oman,,51.9,16.3649608,60.154577,26.8026737
pakistan,bfe61459cea44481476ddfb272a43e2e,Pakistan,,60.766944,23.4393916,77.2203914,37.184107
palau,7cbe6d9bdcc0f048f320524566e9bfe8,Palau,,130.9685462,2.648,134.8714735,8.322
palestine,a6534db7cecde7b044ba5f0f9496fb2a,Palestine,,33.9689732,31.1201289,35.6734946,32.6521479
panama,936642a4c32c6321b2cbe43ba6461fce,Panama,,-83.1517244,6.9338679,-77.0393778,9.9701757
papua_new_guinea,4c4a80cc84261e1d6e33e8b72f168db5,Papua New Guinea,,140.7416553,-11.9555738,159.792724,-0.4573575
paraguay,93675304ada6c2c7ce340c9c38fe5aa6,Paraguay,,-62.7442035,-27.7069156,-54.1579999,-19.1876463
peru,1305e8f78b3255979498a5cbe35586f4,Peru,,-84.7732789,-20.2984471,-68.5519905,0.0607183
philippines,9b6ee7922c7c8d700adf8520a0ca6024,Philippines,,113.9783252,4.1158064,126.9072562,21.4217806
pitcairn_islands,c15451a6d54680e9d479f4947e4aa748,Pitcairn Islands,,-130.9049861,-25.2306735,-124.6175339,-23.7655768
poland,bf51d3d0aecbdecb6b3f1fd4522f210f,Poland,,14.0229707,48.9020468,24.245783,55.1336963
portugal,6021ee49ab4302c4448ee9504c60cc84,Portugal,,-31.6575302,29.7288021,-6.0891591,42.2543112
qatar,e653ce3a48272d340b602c2b6aed3322,Qatar,,50.4675,24.3707534,52.738011,26.4830212
taiwan,568c908fee08c6879f4a0547aa59a988,Taiwan,,114.2521088,10.2706406,122.397,26.5015754
republic_of_kosovo,9049df22dcf01ebcb43c97d0f46b9269,Republic of Kosovo,,19.9185549,41.7554981,21.8995285,43.3691934
romania,25730d8ba832bbe665b53f1cc3cc43a1,Romania,,20.1619773,43.518682,30.1454257,48.3653964
russian_federation,00c9ea8843fe6511eb2660b58492e820,Russian Federation,,-180.0999999,41.0858711,180.1,82.1586232
rwanda,cc96f9284543e5c5cc9e68b882b4b5c6,Rwanda,,28.7617546,-2.9389803,30.9990738,-0.9474509
sao_tome_and_principe,04e84ba00986fccaedd1470b99a95dbc,Sao Tome and Principe,,6.160642,-0.3135136,7.7704783,2.0257601
sahrawi_arab_democratic_republic,92f623bb1e4e11dd12c2208021a46194,Sahrawi Arab Democratic Republic,,-15.1405655,21.2370952,-8.5663889,27.7666834
saint_helena_ascension_and_tristan_da_cunha,7cb8d08c4436e59e1341e780e73b7b09,Saint Helena/Ascension and Tristan da Cunha,,-5.79,-16.04,-5.63,-15.9
saint_kitts_and_nevis,4820880cc936812a15480a5ad2ac191e,Saint Kitts and Nevis,,-63.1511289,16.795,-62.2303518,17.7158146
saint_lucia,15b2ff140f486c688984c7ded3855554,Saint Lucia,,-61.3853866,13.408,-60.5669362,14.3725
saint_vincent_and_the_grenadines,efcadb9025692b9eb3141ad451bea9a5,Saint Vincent and the Grenadines,,-61.765747,12.4166548,-60.8094145,13.683
samoa,c2ec504e0507f01e3b636b7db7e7823d,Samoa,,-173.1091863,-14.3770915,-171.0929228,-13.1381891
san_marino,e93c81c766c0702e814d92ff3e1f6f7f,San Marino,,12.3033246,43.7937002,12.6160665,44.092093
saudi_arabia,a57fd9515e075ed2bc98c4599d4d2571,Saudi Arabia,,34.3571718,16.19,55.7666985,32.3305891
senegal,c12392579df0b468ed03b222e23695db,Senegal,,-17.8862418,12.1372838,-11.2458995,16.7919959
serbia,e781325f115508dcaea69dce616768dd,Serbia,,18.71403,42.1357356,23.106309,46.2900608
seychelles,df438de71d6880ebc88af3bfee8cf19d,Seychelles,,45.8988759,-10.5649257,56.5979396,-3.4119999
sierra_leone,0a63566356f55284b2026ef670c228b7,Sierra Leone,,-13.6003388,6.655,-10.1716829,10.1000481
singapore,5eccb1335e09bde54884deaac835637e,Singapore,,103.4666667,1.0303611,104.6706735,1.6130449
slovakia,1585f177be30ad99d91593ae1aed575a,Slovakia,,16.7331891,47.6314286,22.6657096,49.7138162
slovenia,5ffed2a3af44826a2d2f21cc3489bbbb,Slovenia,,13.2754696,45.3214242,16.6967702,46.9766816
solomon_islands,d05304e35e7769b6f2bc8325c5e0bc17,Solomon Islands,,155.2190556,-13.3424297,170.4964667,-4.7108499
somalia,83034e9d3c23a438bd766751489c21b0,Somalia,,40.8864985,-1.9031968,51.7177696,12.2889121
south_africa,e1bddfb148ae251bdb586e162336a670,South Africa,,16.2335213,-47.2788334,38.3898954,-22.02503
south_georgia_and_the_south_sandwich_islands,459c2b475467b96c2a4f3b2c0d4342cd,South Georgia and the South Sandwich Islands,,-42.2349052,-59.7839999,-25.7468302,-53.3531685
south_korea,3f52888a8fcea1f9f3591d815ceea4e1,South Korea,,124.254847,32.77788,132.2483256,38.7234602
south_sudan,fa35cdb256d5d8eec45573649b89a640,South Sudan,,23.347778,3.38898,36.048997,12.336389
spain,d01080e779e1af31c3d92506c0935e67,Spain,,-9.9123,35.892,4.5919,43.9934
sri_lanka,6bf678f3b9e46d576da2a3224b594aee,Sri Lanka,,79.2741141,5.619,82.1810141,10.135
sudan,23d43bfdcbb232c53a8490ba5251bc92,Sudan,,21.7145046,9.247221,39.1576252,22.324918
suriname,c55769bb6b62bef5b8a723e201677cbd,Suriname,,-58.1708329,1.7312802,-53.7433357,6.325
swaziland,18cd67884fabd88951e1d08a9bca13f1,Swaziland,,30.6908,-27.41752,32.2349923,-25.6187599
sweden,a8e70d48bef979c80b7196981b1a1a23,Sweden,,10.4920778,55.0331192,24.2776819,69.1599699
switzerland,553ad2ff4e441b6f69934fcc15f63d6e,Switzerland,,5.8559113,45.717995,10.5922941,47.9084648
syria,231632c787ee20bece1ffe20dcf03442,Syria,,35.3714427,32.211354,42.4745687,37.4184589
tajikistan,c37262d319e47d4965930b84465274cb,Tajikistan,,67.2308737,36.5710411,75.2539563,41.1450935
tanzania,51451af632e7b26e677609c3d343886b,Tanzania,,29.2269773,-11.8612539,40.7584071,-0.8820299
thailand,ea49fa53b53a98bb3d8417b82967330b,Thailand,,97.2438072,5.512851,105.7370925,20.5648337
the_bahamas,6dcd0801a8a6e3cdbaa406de40f686dc,The Bahamas,,-80.800194,20.6059846,-72.347752,27.5734551
the_gambia,e259e4b58335a284246d8b3832e0457b,The Gambia,,-17.1288253,12.961,-13.6977779,13.9253137
the_netherlands,96948b532e6c3e68f9adb0fa3d327711,The Netherlands,,2.9394,50.7264,7.2275,53.7254
togo,8fe4dcae576740224fd12766550747ad,Togo,,-0.2439718,5.826547,1.9025,11.2395355
tokelau,2bf0a8a02591d4543b25ac25f7895444,Tokelau,,-172.8213672,-9.7442498,-170.8797585,-8.232863
tonga,1bec539398afb863bc6ca52686f590b9,Tonga,,-179.4951979,-24.2625705,-173.4295457,-15.2655721
trinidad_and_tobago,b91189e7effc2fde7da10e29dbfa65c1,Trinidad and Tobago,,-62.1830559,9.7732106,-60.1895847,11.6628372
tunisia,23d1b4f4d3f43150ca9ffd364f5d8a41,Tunisia,,7.4219807,30.14238,11.9801133,37.8612052
turkey,025978b47627cbfa0b272b3baad7823f,Turkey,,25.5212891,35.7076804,44.9176638,42.397
turkmenistan,1fd6b97b2be5fd8819d76f449b247ff1,Turkmenistan,,52.235076,35.0355776,66.784303,42.8975571
turks_and_caicos_islands,8ae9c3c3eefeef5bb8ae9a4b403b5cd3,Turks and Caicos Islands,,-72.7799045,20.8553418,-70.764359,22.2630989
tuvalu,59d58d38d8e1c9f262f93d662ff48fd4,Tuvalu,,175.3417,-11.1881,180.835,-5.1524
uganda,053a0651facf2467f4241b512fcb0fc4,Uganda,,29.4727424,-1.5787899,35.100308,4.3340766
ukraine,db39e9b9b6c888f3321b6e35e5fe0b35,Ukraine,,22.037059,44.084598,40.3275801,52.4791473
united_arab_emirates,7d23a3bcb833adb57db33794b739a80e,United Arab Emirates,,51.3160714,22.5316214,56.7024458,26.2517219
united_kingdom,06a761931707d2b9ce80ca43a0309959,United Kingdom,,-14.1155169,49.574,2.1919117,61.161
united_states_of_america,fc20217c6646bb449d07a5e235cc2f02,United States of America,,-125.3321,23.8991,-65.7421,49.4325
uruguay,e03bbd015eacaa8e0cf495fbb4db4649,Uruguay,,-58.5948437,-35.8847311,-52.9755832,-29.9853439
uzbekistan,80f117b2a16312e2236dad6743429310,Uzbekistan,,55.8985781,37.0772144,73.2397362,45.690118
vanuatu,b0d74fdc2f6f79c620e2daa8c885b297,Vanuatu,,166.2355255,-20.5627424,170.549982,-12.7713776
vatican_city,7fba03c5046ce56e3eaccf978f34f103,Vatican City,,12.3457442,41.8002044,12.5583555,42.0073912
venezuela,8fad993c65cee6496c6bbc6fd778a569,Venezuela,,-73.4529631,0.547529,-59.4427078,16.0158431
vietnam,9efb5fd58768e75e9fbc21af0e9a617e,Vietnam,,102.04441,8.0790665,114.4341924,23.493395
yemen,b899164cc5793e1dd8185e4d6375e8bd,Yemen,,41.50825,11.8084802,54.8389375,19.1
zambales,3ae85343df3cd2ed770526f02fa61c2d,Zambales,,117.411894,14.5033824,120.549421,15.958218
zambia,0add79feb85cc569da670c073ffaed54,Zambia,,21.896389,-18.1766964,33.8025,-8.1712821
zimbabwe,54ec44a7d97f938d07d5c296ea3171c5,Zimbabwe,,25.1373,-22.5241095,33.1627122,-15.5097038
